PARAMETER,YEAR,LAT,LON,JAN,FEB,MAR,APR,MAY,JUN,JUL,AUG,SEP,OCT,NOV,DEC,ANN
T2M,1984,-10.75,-73.75,22.94,22.51,22.96,22.84,23.69,23.31,22.85,24.0,26.18,26.92,24.7,24.99,24.0
T2M,1984,-10.75,-74.25,21.26,20.8,21.13,21.17,22.38,21.92,21.74,22.55,24.49,24.86,22.86,23.12,22.36
T2M,1984,-10.75,-74.75,20.16,19.9,20.12,20.35,21.42,20.95,20.96,21.6,23.24,23.43,21.64,21.72,21.3
T2M,1984,-10.75,-75.25,16.4,16.45,16.6,16.73,17.28,16.82,16.59,17.05,18.46,18.74,17.55,17.54,17.19
T2M,1984,-10.75,-75.75,10.25,10.55,10.66,10.49,10.5,10.03,9.27,9.63,10.88,11.39,10.98,11.01,10.47
T2M,1984,-10.75,-76.25,5.49,5.71,5.85,5.62,5.68,5.17,4.26,5.01,5.92,6.48,6.16,6.22,5.63
T2M,1984,-11.25,-73.75,21.6,20.96,21.51,21.58,22.55,22.17,21.74,22.65,24.31,25.15,23.0,23.17,22.54
T2M,1984,-11.25,-74.25,19.92,19.23,19.71,19.94,21.12,20.52,20.23,20.89,22.47,23.06,21.17,21.33,20.81
T2M,1984,-11.25,-74.75,15.98,15.7,16.06,16.2,17.05,16.43,16.01,16.5,17.86,18.36,17.08,17.13,16.7
T2M,1984,-11.25,-75.25,11.87,11.96,12.22,12.17,12.41,11.9,11.18,11.61,12.79,13.38,12.74,12.72,12.25
T2M,1984,-11.25,-75.75,8.45,8.68,8.88,8.71,8.49,8.12,7.11,7.65,8.68,9.37,9.11,9.12,8.53
T2M,1984,-11.25,-76.25,5.41,5.63,5.74,5.74,5.83,5.39,4.42,5.34,6.0,6.52,6.14,6.24,5.7
T2M,1984,-11.75,-73.75,19.79,18.88,19.51,19.78,20.76,20.28,19.73,20.41,21.67,22.37,20.68,20.57,20.37
T2M,1984,-11.75,-74.25,17.69,16.81,17.42,17.66,18.62,17.96,17.46,17.99,19.25,19.96,18.45,18.38,18.14
T2M,1984,-11.75,-74.75,12.41,11.93,12.49,12.41,12.93,12.22,11.5,11.97,12.98,13.81,13.09,12.95,12.56
T2M,1984,-11.75,-75.25,8.37,8.27,8.79,8.52,8.54,7.91,6.99,7.5,8.35,9.2,9.07,8.9,8.37
T2M,1984,-11.75,-75.75,7.08,7.21,7.65,7.53,7.25,6.77,5.84,6.45,7.29,7.97,7.84,7.81,7.22
T2M,1984,-11.75,-76.25,7.16,7.46,7.58,7.96,7.85,7.51,6.64,7.41,8.15,8.45,7.83,8.19,7.69
T2M,1984,-12.25,-73.75,17.33,16.36,17.01,17.21,18.05,17.42,16.83,17.35,18.44,19.04,17.91,17.61,17.55
T2M,1984,-12.25,-74.25,14.96,13.99,14.59,14.63,15.34,14.61,14.06,14.46,15.48,16.35,15.39,15.09,14.92
T2M,1984,-12.25,-74.75,10.38,9.72,10.36,10.02,10.43,9.65,8.94,9.46,10.12,11.18,10.91,10.53,10.14
T2M,1984,-12.25,-75.25,6.94,6.67,7.28,6.9,6.98,6.18,5.42,6.03,6.62,7.5,7.61,7.31,6.79
T2M,1984,-12.25,-75.75,6.75,6.86,7.31,7.31,7.1,6.39,5.74,6.31,7.11,7.55,7.42,7.49,6.94
T2M,1984,-12.25,-76.25,10.76,11.26,11.35,11.79,11.36,10.98,10.35,10.84,11.64,11.82,11.06,11.74,11.24
T2M,1985,-10.75,-73.75,24.56,23.63,23.89,24.29,24.33,23.95,25.01,26.31,26.49,26.94,24.98,24.53,24.92
T2M,1985,-10.75,-74.25,22.54,21.73,21.99,22.6,22.75,22.25,22.94,24.08,24.37,24.88,23.24,23.15,23.05
T2M,1985,-10.75,-74.75,21.01,20.58,20.81,21.4,21.87,21.25,21.59,22.53,23.14,23.42,22.28,22.27,21.85
T2M,1985,-10.75,-75.25,16.98,16.81,17.01,17.25,17.61,16.58,16.83,17.72,18.47,18.85,18.05,18.06,17.52
T2M,1985,-10.75,-75.75,10.75,10.65,10.85,10.62,10.49,8.86,9.27,10.25,10.92,11.72,11.07,11.05,10.54
T2M,1985,-10.75,-76.25,6.0,5.99,6.18,5.9,5.69,3.7,4.18,5.19,5.93,6.82,6.36,6.15,5.67
T2M,1985,-11.25,-73.75,22.73,21.93,22.35,22.73,22.9,22.33,23.18,24.3,24.65,25.14,23.5,23.09,23.24
T2M,1985,-11.25,-74.25,20.75,20.09,20.48,20.95,21.15,20.5,21.09,22.13,22.59,23.16,21.71,21.54,21.35
T2M,1985,-11.25,-74.75,16.53,16.25,16.52,16.83,17.04,16.04,16.43,17.4,17.99,18.48,17.45,17.51,17.04
T2M,1985,-11.25,-75.25,12.29,12.19,12.39,12.41,12.4,10.88,11.3,12.23,12.91,13.59,12.83,12.97,12.37
T2M,1985,-11.25,-75.75,8.86,8.77,8.96,8.77,8.45,6.47,7.05,7.95,8.71,9.73,9.04,9.05,8.48
T2M,1985,-11.25,-76.25,5.71,5.94,6.04,6.01,5.8,3.81,4.26,5.17,5.98,6.87,6.33,6.06,5.66
T2M,1985,-11.75,-73.75,20.19,19.6,20.08,20.35,20.76,19.9,20.46,21.4,22.04,22.57,21.33,21.09,20.82
T2M,1985,-11.75,-74.25,17.96,17.51,17.88,18.12,18.41,17.51,17.95,18.9,19.49,20.18,19.03,18.86,18.49
T2M,1985,-11.75,-74.75,12.57,12.39,12.5,12.69,12.65,11.28,11.72,12.76,13.28,13.92,13.11,13.24,12.68
T2M,1985,-11.75,-75.25,8.57,8.55,8.55,8.6,8.3,6.43,6.97,8.04,8.6,9.42,8.76,8.96,8.31
T2M,1985,-11.75,-75.75,7.37,7.46,7.52,7.47,7.17,5.1,5.63,6.64,7.38,8.44,7.71,7.67,7.13
T2M,1985,-11.75,-76.25,7.26,7.69,7.81,7.97,7.95,6.32,6.4,7.3,8.21,8.86,8.24,7.83,7.65
T2M,1985,-12.25,-73.75,17.26,16.93,17.31,17.37,17.79,16.71,17.13,18.11,18.75,19.43,18.35,18.35,17.8
T2M,1985,-12.25,-74.25,14.81,14.54,14.77,14.79,15.01,13.89,14.26,15.22,15.71,16.64,15.68,15.65,15.09
T2M,1985,-12.25,-74.75,10.27,10.17,10.08,10.21,10.04,8.51,9.0,10.08,10.51,11.31,10.65,10.78,10.13
T2M,1985,-12.25,-75.25,6.97,7.06,6.85,6.94,6.63,4.77,5.28,6.48,6.98,7.78,7.18,7.29,6.68
T2M,1985,-12.25,-75.75,6.89,7.18,7.14,7.1,6.94,5.23,5.42,6.56,7.25,8.08,7.38,7.25,6.86
T2M,1985,-12.25,-76.25,10.7,11.26,11.46,11.56,11.52,10.74,10.07,10.83,11.74,12.03,11.54,11.27,11.22
T2M,1986,-10.75,-73.75,24.55,23.3,23.12,23.46,23.96,23.8,23.89,26.19,25.81,25.52,25.99,24.6,24.52
T2M,1986,-10.75,-74.25,23.01,21.77,21.42,21.79,22.67,22.55,22.23,24.18,23.86,23.75,24.22,23.02,22.88
T2M,1986,-10.75,-74.75,21.95,20.91,20.6,20.92,21.77,21.66,21.35,22.86,22.78,22.69,23.14,22.06,21.9
T2M,1986,-10.75,-75.25,17.88,17.17,16.96,17.13,17.63,17.32,16.64,18.15,18.2,18.31,18.78,18.03,17.69
T2M,1986,-10.75,-75.75,11.25,10.8,10.71,10.72,10.83,10.18,8.89,10.67,10.73,11.21,11.67,11.37,10.75
T2M,1986,-10.75,-76.25,6.4,5.93,5.96,6.03,6.14,5.34,4.23,5.77,5.93,6.61,6.77,6.64,5.98
T2M,1986,-11.25,-73.75,22.84,21.71,21.59,22.11,22.62,22.45,22.27,24.34,23.98,23.98,24.32,23.31,22.97
T2M,1986,-11.25,-74.25,21.27,20.09,19.9,20.45,21.1,20.99,20.42,22.25,21.99,22.12,22.48,21.58,21.22
T2M,1986,-11.25,-74.75,17.26,16.39,16.3,16.66,17.06,16.88,15.97,17.57,17.52,17.79,18.21,17.53,17.1
T2M,1986,-11.25,-75.25,12.91,12.35,12.33,12.44,12.58,12.08,10.9,12.51,12.58,13.08,13.51,13.16,12.54
T2M,1986,-11.25,-75.75,9.23,8.79,8.8,8.78,8.85,8.0,6.69,8.44,8.51,9.24,9.59,9.5,8.7
T2M,1986,-11.25,-76.25,6.19,5.68,5.79,6.01,6.17,5.49,4.39,5.82,5.99,6.71,6.85,6.62,5.98
T2M,1986,-11.75,-73.75,20.59,19.52,19.48,20.13,20.53,20.44,19.77,21.55,21.39,21.75,21.96,21.33,20.71
T2M,1986,-11.75,-74.25,18.52,17.41,17.41,17.98,18.32,18.25,17.33,19.05,18.9,19.29,19.58,19.06,18.43
T2M,1986,-11.75,-74.75,13.19,12.38,12.44,12.68,12.7,12.43,11.13,12.8,12.82,13.32,13.65,13.59,12.76
T2M,1986,-11.75,-75.25,9.11,8.53,8.63,8.65,8.56,7.94,6.49,8.11,8.28,9.02,9.31,9.5,8.51
T2M,1986,-11.75,-75.75,7.85,7.27,7.44,7.52,7.55,6.7,5.43,6.95,7.2,8.09,8.28,8.32,7.38
T2M,1986,-11.75,-76.25,7.97,7.25,7.71,8.2,8.1,7.56,6.7,7.88,8.26,8.72,8.91,8.48,7.98
T2M,1986,-12.25,-73.75,17.83,16.81,16.8,17.4,17.59,17.59,16.48,18.21,18.1,18.67,19.06,18.61,17.77
T2M,1986,-12.25,-74.25,15.33,14.31,14.39,14.82,14.91,14.86,13.6,15.33,15.2,15.8,16.24,16.0,15.07
T2M,1986,-12.25,-74.75,10.83,9.98,10.05,10.21,10.12,9.81,8.41,10.08,10.03,10.75,11.08,11.36,10.23
T2M,1986,-12.25,-75.25,7.52,6.82,6.97,7.0,6.85,6.34,4.95,6.43,6.58,7.46,7.66,8.09,6.89
T2M,1986,-12.25,-75.75,7.47,6.78,7.16,7.34,7.15,6.63,5.48,6.68,7.06,7.89,8.05,8.12,7.15
T2M,1986,-12.25,-76.25,11.61,10.79,11.51,12.1,11.51,11.08,10.56,11.41,11.99,11.94,12.33,11.97,11.57
T2M,1987,-10.75,-73.75,24.18,24.47,24.01,23.96,24.05,24.09,26.32,26.64,28.02,27.22,26.34,26.02,25.45
T2M,1987,-10.75,-74.25,22.68,23.04,22.5,22.53,22.91,22.67,24.4,24.83,26.0,25.19,24.05,24.09,23.74
T2M,1987,-10.75,-74.75,21.67,22.21,21.63,21.84,22.05,21.74,23.1,23.68,24.56,23.78,22.38,22.65,22.61
T2M,1987,-10.75,-75.25,17.79,18.21,17.8,18.02,17.93,17.36,18.33,18.88,19.59,19.28,18.24,18.48,18.33
T2M,1987,-10.75,-75.75,11.47,11.51,11.34,11.46,11.16,10.19,10.73,11.03,11.84,12.2,11.94,12.02,11.41
T2M,1987,-10.75,-76.25,6.89,6.8,6.58,6.81,6.53,5.48,5.71,5.65,6.87,7.26,7.27,7.41,6.6
T2M,1987,-11.25,-73.75,22.8,23.23,22.8,22.83,22.88,22.64,24.55,25.01,25.99,25.58,24.7,24.47,23.96
T2M,1987,-11.25,-74.25,21.16,21.66,21.18,21.27,21.38,21.0,22.53,23.01,23.9,23.56,22.59,22.6,22.16
T2M,1987,-11.25,-74.75,17.27,17.8,17.36,17.46,17.35,16.78,17.96,18.39,19.08,18.99,18.24,18.32,17.92
T2M,1987,-11.25,-75.25,13.09,13.42,13.21,13.2,12.89,12.01,12.86,13.2,13.84,14.12,13.75,13.83,13.29
T2M,1987,-11.25,-75.75,9.63,9.63,9.65,9.57,9.2,8.09,8.59,8.76,9.62,10.18,10.15,10.24,9.44
T2M,1987,-11.25,-76.25,6.88,6.83,6.68,6.92,6.59,5.8,5.8,5.6,6.96,7.38,7.45,7.6,6.71
T2M,1987,-11.75,-73.75,20.78,21.34,21.08,21.22,21.12,20.48,21.9,22.46,23.12,23.17,22.38,22.23,21.78
T2M,1987,-11.75,-74.25,18.64,19.2,18.91,18.97,18.82,18.17,19.37,19.88,20.57,20.7,20.03,19.98,19.44
T2M,1987,-11.75,-74.75,13.45,13.86,13.52,13.5,13.23,12.28,13.31,13.59,14.2,14.62,14.47,14.4,13.7
T2M,1987,-11.75,-75.25,9.52,9.76,9.56,9.46,9.05,7.83,8.68,8.83,9.46,10.1,10.27,10.21,9.39
T2M,1987,-11.75,-75.75,8.39,8.56,8.53,8.48,7.93,6.77,7.3,7.49,8.29,8.92,9.07,9.07,8.23
T2M,1987,-11.75,-76.25,8.81,9.1,8.8,9.14,8.46,7.98,7.86,8.08,9.1,9.44,9.54,9.5,8.81
T2M,1987,-12.25,-73.75,18.06,18.68,18.58,18.61,18.37,17.49,18.67,19.11,19.68,20.03,19.54,19.44,18.86
T2M,1987,-12.25,-74.25,15.61,16.13,16.01,15.85,15.64,14.74,15.78,16.17,16.77,17.21,16.89,16.84,16.14
T2M,1987,-12.25,-74.75,11.25,11.51,11.28,11.06,10.86,9.67,10.63,10.78,11.48,12.03,12.13,12.14,11.24
T2M,1987,-12.25,-75.25,8.09,8.23,8.0,7.95,7.56,6.25,7.04,7.12,7.89,8.53,8.77,8.8,7.85
T2M,1987,-12.25,-75.75,8.18,8.46,8.3,8.47,7.74,6.73,7.15,7.41,8.15,8.72,8.82,8.85,8.08
T2M,1987,-12.25,-76.25,12.51,13.18,12.74,12.89,11.89,11.58,11.35,11.85,12.48,12.65,12.82,12.9,12.4
T2M,1988,-10.75,-73.75,25.22,24.82,24.47,23.64,24.24,23.4,23.82,27.15,28.21,27.05,25.9,24.03,25.16
T2M,1988,-10.75,-74.25,23.46,23.29,22.92,22.1,22.99,22.21,22.37,25.33,26.19,25.22,24.22,22.4,23.56
T2M,1988,-10.75,-74.75,22.18,22.32,22.06,21.45,22.26,21.39,21.43,24.17,24.78,24.11,23.11,21.21,22.54
T2M,1988,-10.75,-75.25,18.13,18.48,18.23,17.69,18.14,17.22,16.91,19.3,19.71,19.51,18.79,17.21,18.28
T2M,1988,-10.75,-75.75,11.63,12.1,11.76,11.12,11.23,10.32,9.47,11.32,11.72,11.99,11.81,10.83,11.27
T2M,1988,-10.75,-76.25,6.6,7.3,6.95,6.28,6.67,5.62,4.55,5.8,6.54,6.84,7.01,6.1,6.35
T2M,1988,-11.25,-73.75,23.42,23.42,23.05,22.23,22.94,22.17,22.24,25.26,26.28,25.38,24.42,22.75,23.63
T2M,1988,-11.25,-74.25,21.69,21.79,21.38,20.64,21.4,20.71,20.63,23.3,24.13,23.56,22.71,21.02,21.91
T2M,1988,-11.25,-74.75,17.65,17.94,17.56,16.98,17.41,16.68,16.34,18.7,19.11,18.98,18.37,16.83,17.71
T2M,1988,-11.25,-75.25,13.4,13.81,13.4,12.84,12.94,12.12,11.43,13.52,13.67,13.91,13.62,12.45,13.09
T2M,1988,-11.25,-75.75,9.82,10.33,9.84,9.15,9.22,8.3,7.29,9.07,9.3,9.71,9.72,8.92,9.22
T2M,1988,-11.25,-76.25,6.59,7.48,6.98,6.19,6.7,5.67,4.64,5.86,6.55,6.82,6.94,6.01,6.37
T2M,1988,-11.75,-73.75,21.04,21.33,20.98,20.27,20.91,20.26,19.93,22.4,23.36,22.97,22.28,20.92,21.39
T2M,1988,-11.75,-74.25,18.95,19.19,18.8,18.13,18.65,18.03,17.69,19.99,20.66,20.56,19.96,18.62,19.1
T2M,1988,-11.75,-74.75,13.65,13.93,13.57,12.96,13.03,12.42,11.74,13.75,14.09,14.26,14.06,12.91,13.36
T2M,1988,-11.75,-75.25,9.66,10.09,9.59,9.02,8.9,8.21,7.24,9.02,9.18,9.55,9.61,8.69,9.06
T2M,1988,-11.75,-75.75,8.48,9.12,8.44,7.85,7.94,7.1,6.07,7.69,7.89,8.33,8.36,7.54,7.9
T2M,1988,-11.75,-76.25,8.56,9.42,8.99,8.33,8.74,7.65,6.9,8.23,8.68,8.86,8.79,7.76,8.41
T2M,1988,-12.25,-73.75,18.25,18.59,18.21,17.59,18.04,17.46,16.94,19.01,19.71,19.87,19.33,18.29,18.44
T2M,1988,-12.25,-74.25,15.84,16.01,15.67,15.0,15.2,14.72,14.19,16.18,16.67,16.93,16.57,15.64,15.71
T2M,1988,-12.25,-74.75,11.29,11.51,11.12,10.48,10.41,9.92,9.14,10.82,11.31,11.5,11.58,10.7,10.81
T2M,1988,-12.25,-75.25,8.0,8.5,7.92,7.31,7.25,6.67,5.74,7.19,7.63,7.82,8.03,7.2,7.44
T2M,1988,-12.25,-75.75,8.06,8.86,8.16,7.58,7.75,6.89,6.1,7.43,7.75,8.03,8.01,7.23,7.65
T2M,1988,-12.25,-76.25,12.25,12.97,12.71,12.23,12.35,10.83,10.44,11.5,11.9,12.1,11.99,11.15,11.87
T2M,1989,-10.75,-73.75,23.41,23.24,23.08,23.48,22.9,23.82,23.58,25.81,26.23,26.08,25.7,25.99,24.45
T2M,1989,-10.75,-74.25,21.55,21.61,21.29,21.9,21.76,22.53,22.08,24.04,24.48,24.25,24.08,24.04,22.8
T2M,1989,-10.75,-74.75,20.39,20.81,20.47,21.25,21.23,21.62,21.04,23.01,23.36,23.28,22.98,22.79,21.86
T2M,1989,-10.75,-75.25,16.74,17.21,16.88,17.48,17.24,17.3,16.57,18.22,18.72,18.86,18.7,18.6,17.71
T2M,1989,-10.75,-75.75,10.81,10.99,10.62,10.9,10.31,10.19,9.3,10.4,11.22,11.49,11.81,11.95,10.83
T2M,1989,-10.75,-76.25,6.28,6.1,5.66,6.19,5.56,5.31,4.5,5.48,6.35,6.5,7.14,7.49,6.05
T2M,1989,-11.25,-73.75,21.96,21.92,21.76,22.07,21.74,22.49,22.17,24.15,24.58,24.24,24.08,24.27,22.96
T2M,1989,-11.25,-74.25,20.11,20.27,19.99,20.39,20.32,20.91,20.41,22.19,22.68,22.42,22.36,22.31,21.2
T2M,1989,-11.25,-74.75,16.31,16.61,16.37,16.72,16.5,16.77,16.02,17.61,18.17,18.24,18.05,18.0,17.11
T2M,1989,-11.25,-75.25,12.35,12.6,12.37,12.6,12.08,11.99,11.14,12.44,13.19,13.46,13.36,13.56,12.59
T2M,1989,-11.25,-75.75,9.04,9.07,8.74,9.01,8.27,7.95,7.15,8.13,9.11,9.32,9.6,10.03,8.78
T2M,1989,-11.25,-76.25,6.17,5.98,5.56,6.3,5.7,5.41,4.61,5.53,6.46,6.48,7.13,7.31,6.05
T2M,1989,-11.75,-73.75,19.84,20.09,19.89,19.97,19.9,20.37,19.85,21.53,22.17,21.8,21.98,22.09,20.79
T2M,1989,-11.75,-74.25,17.72,17.95,17.73,17.81,17.76,18.09,17.5,19.06,19.68,19.55,19.64,19.67,18.51
T2M,1989,-11.75,-74.75,12.7,12.8,12.72,12.68,12.23,12.28,11.49,12.79,13.58,13.75,13.54,13.93,12.87
T2M,1989,-11.75,-75.25,8.93,8.9,8.83,8.84,8.12,7.78,6.96,8.04,9.05,9.31,9.15,9.81,8.64
T2M,1989,-11.75,-75.75,7.79,7.7,7.46,7.82,7.15,6.51,5.8,6.79,7.89,8.06,8.25,8.77,7.5
T2M,1989,-11.75,-76.25,8.01,7.8,7.41,8.42,7.96,7.44,6.59,7.65,8.56,8.69,8.86,8.81,8.02
T2M,1989,-12.25,-73.75,17.28,17.62,17.37,17.22,17.15,17.43,16.81,18.26,19.06,18.89,19.14,19.36,17.96
T2M,1989,-12.25,-74.25,14.91,15.05,14.88,14.67,14.51,14.64,14.05,15.31,16.12,16.15,16.26,16.51,15.26
T2M,1989,-12.25,-74.75,10.62,10.54,10.51,10.27,9.72,9.63,8.98,10.02,10.99,11.1,11.04,11.69,10.43
T2M,1989,-12.25,-75.25,7.47,7.32,7.25,7.27,6.56,6.13,5.47,6.41,7.54,7.6,7.66,8.4,7.09
T2M,1989,-12.25,-75.75,7.49,7.42,7.13,7.66,7.1,6.33,5.68,6.68,7.74,7.81,8.07,8.4,7.29
T2M,1989,-12.25,-76.25,11.63,11.65,11.23,12.15,11.7,10.87,10.08,11.17,11.7,12.19,11.98,11.71,11.5
T2M,1990,-10.75,-73.75,24.56,25.09,24.48,24.14,24.01,24.35,24.52,26.96,27.19,25.38,25.06,23.48,24.93
T2M,1990,-10.75,-74.25,23.01,23.59,22.73,22.64,22.82,22.59,22.68,24.78,25.11,23.58,23.49,21.66,23.22
T2M,1990,-10.75,-74.75,22.08,22.59,21.98,21.83,22.08,21.67,21.65,23.41,23.66,22.61,22.67,20.68,22.24
T2M,1990,-10.75,-75.25,18.15,18.54,18.2,18.06,18.06,17.33,17.15,18.47,18.71,18.47,18.67,17.21,18.08
T2M,1990,-10.75,-75.75,11.58,11.86,11.67,11.66,11.22,10.16,9.78,10.57,11.01,11.51,11.91,11.37,11.19
T2M,1990,-10.75,-76.25,6.78,6.98,7.01,6.89,6.28,5.58,5.0,5.39,6.17,6.4,7.12,6.75,6.36
T2M,1990,-11.25,-73.75,22.98,23.71,23.19,23.05,22.88,22.56,22.77,24.86,25.21,23.62,23.55,22.22,23.38
T2M,1990,-11.25,-74.25,21.38,22.08,21.41,21.42,21.43,20.67,20.78,22.63,23.09,21.85,21.89,20.48,21.58
T2M,1990,-11.25,-74.75,17.49,18.02,17.59,17.51,17.48,16.54,16.4,17.83,18.26,17.82,18.04,16.84,17.48
T2M,1990,-11.25,-75.25,13.25,13.64,13.36,13.26,12.97,11.87,11.56,12.51,13.03,13.32,13.68,13.0,12.95
T2M,1990,-11.25,-75.75,9.63,9.96,9.73,9.69,9.14,7.95,7.58,8.09,8.87,9.41,9.88,9.73,9.13
T2M,1990,-11.25,-76.25,6.62,7.01,7.07,6.95,6.46,5.76,5.2,5.38,6.34,6.42,7.09,6.85,6.42
T2M,1990,-11.75,-73.75,20.91,21.65,21.36,21.39,21.08,20.09,20.16,21.85,22.39,21.4,21.58,20.62,21.2
T2M,1990,-11.75,-74.25,18.82,19.45,19.02,19.14,18.93,17.67,17.62,19.16,19.74,19.1,19.42,18.52,18.88
T2M,1990,-11.75,-74.75,13.5,13.76,13.55,13.64,13.22,11.96,11.71,12.74,13.39,13.55,14.0,13.41,13.2
T2M,1990,-11.75,-75.25,9.46,9.7,9.58,9.51,8.94,7.68,7.35,7.94,8.74,9.3,9.85,9.67,8.97
T2M,1990,-11.75,-75.75,8.26,8.79,8.64,8.41,7.89,6.67,6.34,6.71,7.66,8.0,8.63,8.69,7.89
T2M,1990,-11.75,-76.25,8.5,8.99,9.12,9.01,8.64,7.92,7.3,7.62,8.48,8.37,9.12,8.85,8.49
T2M,1990,-12.25,-73.75,18.25,18.82,18.74,18.74,18.35,17.04,16.92,18.25,18.91,18.64,18.99,18.35,18.33
T2M,1990,-12.25,-74.25,15.79,16.23,15.97,16.05,15.66,14.13,13.97,15.17,15.91,15.8,16.42,15.9,15.58
T2M,1990,-12.25,-74.75,11.18,11.27,11.21,11.31,10.7,9.29,9.1,9.82,10.7,11.05,11.68,11.46,10.72
T2M,1990,-12.25,-75.25,7.87,8.06,8.06,7.99,7.37,6.12,5.87,6.26,7.22,7.62,8.29,8.35,7.42
T2M,1990,-12.25,-75.75,7.94,8.54,8.53,8.18,7.78,6.67,6.26,6.67,7.54,7.54,8.33,8.45,7.7
T2M,1990,-12.25,-76.25,12.1,12.52,12.96,12.52,12.22,11.47,10.67,11.33,11.84,11.56,12.44,12.25,11.98
T2M,1991,-10.75,-73.75,23.58,23.71,23.35,23.49,24.29,23.46,23.42,25.64,26.56,26.34,25.36,26.06,24.61
T2M,1991,-10.75,-74.25,21.78,21.94,21.62,21.82,22.86,22.26,22.18,23.97,24.56,24.36,23.36,24.34,22.93
T2M,1991,-10.75,-74.75,20.86,21.17,20.78,21.09,22.07,21.5,21.54,23.0,23.47,23.26,22.05,23.09,22.0
T2M,1991,-10.75,-75.25,17.51,17.65,17.4,17.4,18.09,17.55,17.24,18.19,18.68,18.84,17.86,18.92,17.95
T2M,1991,-10.75,-75.75,11.83,11.53,11.61,11.03,11.3,10.92,9.9,10.25,10.86,11.55,11.27,12.38,11.2
T2M,1991,-10.75,-76.25,7.3,6.85,7.03,6.37,6.28,6.29,4.95,5.11,5.94,6.54,6.83,7.92,6.45
T2M,1991,-11.25,-73.75,22.31,22.44,22.12,22.4,23.33,22.42,22.26,24.14,24.87,24.51,23.92,24.51,23.27
T2M,1991,-11.25,-74.25,20.56,20.76,20.5,20.85,21.81,20.89,20.75,22.22,22.74,22.55,21.9,22.79,21.53
T2M,1991,-11.25,-74.75,16.92,17.16,16.98,17.06,17.76,16.97,16.65,17.64,18.08,18.19,17.6,18.49,17.46
T2M,1991,-11.25,-75.25,13.18,13.21,13.16,12.81,13.18,12.62,11.84,12.36,12.88,13.39,13.05,14.04,12.98
T2M,1991,-11.25,-75.75,10.04,9.78,9.81,9.17,9.25,8.97,7.73,7.86,8.6,9.36,9.37,10.51,9.2
T2M,1991,-11.25,-76.25,7.08,7.0,6.85,6.45,6.36,6.32,5.17,5.17,6.14,6.58,6.75,7.62,6.46
T2M,1991,-11.75,-73.75,20.79,20.82,20.48,20.83,21.73,20.74,20.4,21.67,22.26,22.03,21.64,22.29,21.31
T2M,1991,-11.75,-74.25,18.69,18.74,18.47,18.75,19.51,18.48,18.16,19.2,19.59,19.68,19.23,20.09,19.05
T2M,1991,-11.75,-74.75,13.67,13.64,13.58,13.34,13.72,13.0,12.24,12.85,13.22,13.73,13.45,14.41,13.4
T2M,1991,-11.75,-75.25,9.95,9.83,9.81,9.25,9.31,8.83,7.68,7.95,8.5,9.21,9.25,10.29,9.15
T2M,1991,-11.75,-75.75,8.84,8.79,8.57,8.11,8.06,7.63,6.41,6.54,7.38,7.98,8.21,9.2,7.97
T2M,1991,-11.75,-76.25,8.77,9.17,8.65,8.61,8.65,8.17,7.3,7.37,8.41,8.71,8.58,9.03,8.44
T2M,1991,-12.25,-73.75,18.64,18.55,18.12,18.46,19.07,18.11,17.68,18.52,18.89,18.99,18.65,19.36,18.58
T2M,1991,-12.25,-74.25,16.22,16.12,15.82,15.84,16.27,15.43,14.86,15.58,15.81,16.25,15.9,16.81,15.91
T2M,1991,-12.25,-74.75,11.91,11.6,11.49,11.1,11.19,10.67,9.71,10.12,10.44,11.2,10.99,12.07,11.04
T2M,1991,-12.25,-75.25,8.75,8.47,8.27,7.83,7.74,7.25,6.14,6.39,6.91,7.61,7.7,8.7,7.64
T2M,1991,-12.25,-75.75,8.62,8.73,8.2,8.08,8.0,7.24,6.32,6.64,7.36,7.72,7.96,8.61,7.79
T2M,1991,-12.25,-76.25,12.21,12.9,12.28,12.38,12.25,11.4,10.75,11.11,11.86,12.19,11.86,12.12,11.94
T2M,1992,-10.75,-73.75,26.19,25.94,24.96,25.88,26.52,25.58,24.12,26.34,26.9,26.51,25.38,24.74,25.75
T2M,1992,-10.75,-74.25,24.66,24.42,23.6,24.42,24.93,23.36,22.19,24.08,24.63,24.31,23.4,22.99,23.91
T2M,1992,-10.75,-74.75,23.61,23.31,22.68,23.42,23.79,21.78,20.94,22.5,22.94,22.97,22.18,21.9,22.67
T2M,1992,-10.75,-75.25,19.31,19.09,18.83,19.24,19.39,17.39,16.59,17.63,18.23,18.51,18.1,18.1,18.36
T2M,1992,-10.75,-75.75,12.35,12.29,12.49,12.43,12.27,10.62,9.57,10.13,11.09,11.34,11.54,11.94,11.5
T2M,1992,-10.75,-76.25,7.63,7.46,7.94,7.74,7.22,5.78,4.56,5.27,6.28,6.33,6.87,7.49,6.71
T2M,1992,-11.25,-73.75,24.6,24.39,23.48,24.33,24.94,23.96,22.63,24.44,24.92,24.85,23.89,23.49,24.15
T2M,1992,-11.25,-74.25,22.94,22.78,22.04,22.7,23.31,21.72,20.59,22.11,22.76,22.7,21.95,21.7,22.27
T2M,1992,-11.25,-74.75,18.72,18.59,18.24,18.59,18.98,17.15,16.16,17.26,18.01,18.16,17.8,17.72,17.95
T2M,1992,-11.25,-75.25,14.18,14.11,14.1,14.17,14.19,12.42,11.31,12.08,13.04,13.23,13.36,13.52,13.3
T2M,1992,-11.25,-75.75,10.44,10.44,10.65,10.53,10.19,8.69,7.35,7.97,9.14,9.17,9.66,10.08,9.52
T2M,1992,-11.25,-76.25,7.51,7.51,7.91,7.7,7.27,6.13,4.85,5.53,6.49,6.5,6.82,7.4,6.8
T2M,1992,-11.75,-73.75,22.42,22.23,21.58,22.24,22.69,21.48,20.34,21.59,22.13,22.5,21.84,21.7,21.89
T2M,1992,-11.75,-74.25,20.07,20.0,19.47,19.92,20.44,18.84,17.85,18.81,19.56,19.91,19.49,19.44,19.48
T2M,1992,-11.75,-74.75,14.32,14.29,14.2,14.31,14.61,12.91,11.83,12.51,13.49,13.75,13.93,14.02,13.68
T2M,1992,-11.75,-75.25,10.16,10.16,10.38,10.24,10.17,8.5,7.22,7.85,9.05,9.11,9.72,10.02,9.38
T2M,1992,-11.75,-75.75,9.12,9.14,9.46,9.22,8.86,7.35,5.95,6.7,7.94,7.85,8.42,8.91,8.24
T2M,1992,-11.75,-76.25,9.23,9.29,9.72,9.53,9.2,8.14,6.99,7.68,8.42,8.63,8.53,9.0,8.69
T2M,1992,-12.25,-73.75,19.45,19.41,18.98,19.31,19.74,18.25,17.25,18.06,18.67,19.36,19.13,19.09,18.89
T2M,1992,-12.25,-74.25,16.62,16.72,16.37,16.6,16.99,15.33,14.44,14.95,15.78,16.36,16.38,16.45,16.08
T2M,1992,-12.25,-74.75,11.75,11.89,11.84,11.9,12.06,10.4,9.34,9.82,10.89,11.09,11.7,11.94,11.21
T2M,1992,-12.25,-75.25,8.52,8.58,8.79,8.66,8.58,6.94,5.73,6.33,7.54,7.45,8.25,8.74,7.84
T2M,1992,-12.25,-75.75,8.8,8.75,9.16,8.88,8.61,7.04,5.85,6.59,7.62,7.61,8.0,8.64,7.96
T2M,1992,-12.25,-76.25,12.67,12.7,13.4,13.11,12.59,11.37,10.42,11.13,11.45,12.04,11.74,12.08,12.06
T2M,1993,-10.75,-73.75,23.49,23.89,23.24,23.44,23.6,23.67,23.56,24.29,26.54,26.52,24.53,24.23,24.25
T2M,1993,-10.75,-74.25,21.88,22.29,21.52,21.79,22.1,22.45,22.29,22.93,24.6,24.66,22.95,22.62,22.67
T2M,1993,-10.75,-74.75,20.96,21.39,20.64,20.84,21.28,21.61,21.49,22.11,23.4,23.6,21.87,21.6,21.73
T2M,1993,-10.75,-75.25,17.24,17.55,17.08,17.18,17.62,17.39,17.26,17.59,18.72,19.07,17.98,17.87,17.71
T2M,1993,-10.75,-75.75,11.06,11.14,11.03,11.03,11.42,10.33,10.19,10.03,11.2,11.63,11.53,11.71,11.03
T2M,1993,-10.75,-76.25,6.66,6.48,6.44,6.19,6.8,5.32,5.38,4.97,6.35,6.61,6.36,6.93,6.21
T2M,1993,-11.25,-73.75,22.15,22.52,21.94,22.23,22.58,22.61,22.43,22.93,24.71,24.7,23.21,22.87,22.91
T2M,1993,-11.25,-74.25,20.47,20.83,20.19,20.62,20.97,20.97,20.8,21.33,22.73,22.8,21.58,21.22,21.21
T2M,1993,-11.25,-74.75,16.71,17.02,16.57,16.82,17.18,16.85,16.56,17.02,18.14,18.42,17.65,17.44,17.2
T2M,1993,-11.25,-75.25,12.66,12.9,12.61,12.69,13.08,12.15,11.82,12.0,13.14,13.51,13.35,13.37,12.77
T2M,1993,-11.25,-75.75,9.27,9.38,9.19,9.19,9.64,8.16,7.93,7.73,9.1,9.4,9.65,9.9,9.04
T2M,1993,-11.25,-76.25,6.59,6.46,6.49,6.35,6.93,5.54,5.44,5.08,6.55,6.71,6.55,7.01,6.31
T2M,1993,-11.75,-73.75,20.32,20.6,20.09,20.53,21.01,20.8,20.53,20.76,22.01,22.17,21.34,20.95,20.92
T2M,1993,-11.75,-74.25,18.19,18.39,17.92,18.44,18.8,18.41,18.13,18.46,19.54,19.82,19.14,18.86,18.67
T2M,1993,-11.75,-74.75,13.08,13.11,12.93,13.16,13.43,12.53,12.18,12.41,13.35,13.79,13.67,13.77,13.12
T2M,1993,-11.75,-75.25,9.24,9.2,9.14,9.14,9.46,8.05,7.67,7.76,8.84,9.23,9.54,9.91,8.93
T2M,1993,-11.75,-75.75,8.13,8.11,8.01,8.02,8.41,6.84,6.47,6.45,7.83,8.05,8.33,8.74,7.78
T2M,1993,-11.75,-76.25,8.36,8.27,8.53,8.65,8.75,7.72,7.38,7.28,8.62,8.94,8.64,9.0,8.35
T2M,1993,-12.25,-73.75,17.82,17.98,17.55,18.04,18.46,18.02,17.66,17.77,18.74,19.04,18.78,18.43,18.19
T2M,1993,-12.25,-74.25,15.39,15.42,15.02,15.49,15.78,15.1,14.71,14.92,15.75,16.27,16.07,15.95,15.49
T2M,1993,-12.25,-74.75,11.01,10.83,10.71,10.87,11.1,9.95,9.65,9.72,10.53,11.08,11.29,11.61,10.7
T2M,1993,-12.25,-75.25,7.84,7.58,7.65,7.61,7.88,6.45,6.13,6.17,7.15,7.56,7.91,8.49,7.37
T2M,1993,-12.25,-75.75,7.86,7.71,7.88,7.87,8.05,6.75,6.27,6.46,7.6,7.91,7.94,8.52,7.57
T2M,1993,-12.25,-76.25,11.81,11.96,12.42,12.56,11.97,11.28,10.72,10.92,11.75,12.48,11.9,12.45,11.85
T2M,1994,-10.75,-73.75,23.85,23.86,23.82,23.71,23.9,23.11,23.45,25.71,27.69,26.83,25.78,25.25,24.75
T2M,1994,-10.75,-74.25,22.28,22.37,22.36,22.2,22.67,22.06,22.4,24.4,25.66,24.72,23.8,23.26,23.19
T2M,1994,-10.75,-74.75,21.23,21.35,21.74,21.5,22.17,21.58,21.67,23.47,24.29,23.35,22.61,21.93,22.24
T2M,1994,-10.75,-75.25,17.44,17.51,17.97,17.75,18.27,17.49,17.35,18.66,19.29,18.86,18.51,17.96,18.09
T2M,1994,-10.75,-75.75,11.19,11.17,11.36,11.28,11.44,10.32,10.03,10.71,11.38,11.7,11.83,11.64,11.17
T2M,1994,-10.75,-76.25,6.3,6.25,6.49,6.56,6.79,5.24,4.87,5.36,6.23,6.53,6.85,6.88,6.2
T2M,1994,-11.25,-73.75,22.51,22.41,22.41,22.31,22.7,22.11,22.32,24.23,25.73,25.03,24.28,23.7,23.31
T2M,1994,-11.25,-74.25,20.84,20.81,20.82,20.72,21.26,20.68,20.92,22.56,23.56,22.96,22.27,21.75,21.6
T2M,1994,-11.25,-74.75,16.96,16.97,17.12,17.01,17.45,16.69,16.68,18.03,18.71,18.41,18.05,17.6,17.47
T2M,1994,-11.25,-75.25,12.84,12.88,13.04,12.87,13.08,12.07,11.82,12.73,13.38,13.55,13.56,13.32,12.93
T2M,1994,-11.25,-75.75,9.38,9.42,9.5,9.3,9.37,8.1,7.74,8.18,9.01,9.57,9.84,9.85,9.1
T2M,1994,-11.25,-76.25,6.43,6.34,6.62,6.66,6.96,5.39,5.08,5.39,6.35,6.63,7.01,6.99,6.32
T2M,1994,-11.75,-73.75,20.55,20.27,20.37,20.3,20.95,20.42,20.4,21.85,22.83,22.49,22.1,21.44,21.17
T2M,1994,-11.75,-74.25,18.4,18.21,18.21,18.14,18.76,18.19,18.21,19.48,20.13,20.03,19.68,19.13,18.88
T2M,1994,-11.75,-74.75,13.13,13.1,13.07,12.93,13.22,12.31,12.22,13.17,13.65,13.86,13.85,13.57,13.17
T2M,1994,-11.75,-75.25,9.16,9.22,9.26,9.05,9.07,7.86,7.6,8.25,8.82,9.29,9.57,9.59,8.89
T2M,1994,-11.75,-75.75,8.0,8.04,8.24,8.05,8.06,6.73,6.36,6.77,7.65,8.14,8.5,8.69,7.77
T2M,1994,-11.75,-76.25,8.24,8.21,8.56,8.69,8.95,7.61,7.29,7.56,8.64,8.76,9.05,9.03,8.38
T2M,1994,-12.25,-73.75,17.93,17.52,17.63,17.57,18.23,17.68,17.49,18.76,19.28,19.33,19.26,18.62,18.28
T2M,1994,-12.25,-74.25,15.44,15.14,15.04,14.93,15.46,14.83,14.72,15.86,16.15,16.51,16.41,15.95,15.54
T2M,1994,-12.25,-74.75,10.94,10.8,10.6,10.44,10.7,9.67,9.57,10.42,10.73,11.2,11.37,11.25,10.64
T2M,1994,-12.25,-75.25,7.66,7.61,7.59,7.42,7.52,6.18,6.01,6.63,7.14,7.57,7.97,8.12,7.28
T2M,1994,-12.25,-75.75,7.67,7.63,7.94,7.86,7.94,6.58,6.29,6.79,7.58,7.78,8.21,8.45,7.56
T2M,1994,-12.25,-76.25,11.83,11.9,12.25,12.39,12.37,11.26,10.95,11.24,12.37,12.03,12.34,12.47,11.95
T2M,1995,-10.75,-73.75,24.39,23.95,23.33,23.39,23.45,24.09,25.74,26.77,27.43,26.87,25.84,25.01,25.03
T2M,1995,-10.75,-74.25,22.57,22.14,21.57,21.9,22.29,22.88,24.01,24.96,25.49,24.92,23.79,23.11,23.31
T2M,1995,-10.75,-74.75,21.36,21.07,20.74,21.08,21.5,21.98,22.67,23.8,24.4,23.61,22.41,21.86,22.21
T2M,1995,-10.75,-75.25,17.59,17.53,17.31,17.53,17.57,17.71,18.04,19.15,19.59,19.1,18.27,17.84,18.11
T2M,1995,-10.75,-75.75,11.55,11.66,11.41,11.57,11.0,10.73,10.79,11.58,11.71,11.92,11.77,11.4,11.42
T2M,1995,-10.75,-76.25,7.01,6.98,6.74,7.22,6.36,6.02,6.01,6.37,6.58,6.98,7.2,6.62,6.67
T2M,1995,-11.25,-73.75,22.7,22.51,21.95,22.44,22.44,22.85,24.13,25.21,25.76,25.23,24.17,23.53,23.58
T2M,1995,-11.25,-74.25,20.85,20.75,20.19,20.89,21.02,21.36,22.32,23.24,23.69,23.25,22.17,21.61,21.78
T2M,1995,-11.25,-74.75,16.99,16.91,16.55,17.14,17.14,17.21,17.78,18.71,19.01,18.76,17.95,17.45,17.64
T2M,1995,-11.25,-75.25,13.01,12.99,12.73,13.12,12.76,12.52,12.78,13.69,13.81,13.87,13.49,13.08,13.15
T2M,1995,-11.25,-75.75,9.76,9.78,9.49,9.85,9.08,8.62,8.74,9.49,9.47,9.82,9.87,9.46,9.45
T2M,1995,-11.25,-76.25,6.98,6.89,6.61,7.45,6.61,6.06,6.16,6.63,6.65,7.0,7.29,6.53,6.73
T2M,1995,-11.75,-73.75,20.44,20.41,19.93,20.87,20.74,20.85,21.58,22.74,23.2,22.84,21.84,21.4,21.41
T2M,1995,-11.75,-74.25,18.24,18.31,17.8,18.69,18.59,18.61,19.26,20.28,20.59,20.42,19.49,19.09,19.12
T2M,1995,-11.75,-74.75,13.1,13.15,12.76,13.45,13.15,12.79,13.33,14.18,14.19,14.34,13.92,13.52,13.49
T2M,1995,-11.75,-75.25,9.38,9.37,9.04,9.67,9.04,8.42,8.82,9.56,9.41,9.77,9.8,9.33,9.3
T2M,1995,-11.75,-75.75,8.46,8.41,8.07,8.83,7.97,7.32,7.53,8.25,8.15,8.49,8.69,8.11,8.19
T2M,1995,-11.75,-76.25,8.78,8.72,8.46,9.4,8.69,8.04,8.09,8.83,8.87,8.92,9.03,8.37,8.68
T2M,1995,-12.25,-73.75,17.74,17.76,17.33,18.34,18.05,17.92,18.4,19.62,19.8,19.84,18.99,18.66,18.54
T2M,1995,-12.25,-74.25,15.26,15.3,14.9,15.67,15.42,15.14,15.66,16.81,16.76,16.98,16.3,15.98,15.85
T2M,1995,-12.25,-74.75,10.84,10.95,10.51,11.15,10.76,10.13,10.8,11.59,11.38,11.76,11.59,11.16,11.05
T2M,1995,-12.25,-75.25,7.83,7.92,7.45,8.2,7.57,6.76,7.42,8.03,7.74,8.15,8.35,7.77,7.77
T2M,1995,-12.25,-75.75,8.17,8.16,7.74,8.68,7.86,7.09,7.45,8.14,7.97,8.19,8.45,7.8,7.97
T2M,1995,-12.25,-76.25,12.35,12.34,12.09,12.87,12.08,11.34,11.1,11.82,12.24,12.07,12.12,11.69,12.0
T2M,1996,-10.75,-73.75,23.55,23.46,23.61,23.41,24.08,23.31,24.45,26.85,27.45,26.18,24.94,24.55,24.65
T2M,1996,-10.75,-74.25,21.7,21.83,21.96,21.88,22.76,22.24,22.87,24.7,25.3,24.18,23.21,22.89,22.96
T2M,1996,-10.75,-74.75,20.57,21.0,21.16,21.01,21.8,21.34,21.8,23.29,23.9,22.88,22.03,21.75,21.88
T2M,1996,-10.75,-75.25,16.97,17.43,17.58,17.26,17.67,17.03,17.15,18.51,19.13,18.57,17.94,17.78,17.75
T2M,1996,-10.75,-75.75,11.09,11.35,11.4,10.99,10.94,10.07,9.65,11.01,11.63,11.7,11.37,11.44,11.05
T2M,1996,-10.75,-76.25,6.49,6.74,6.67,6.46,6.32,5.55,4.86,6.26,6.73,6.94,6.63,6.96,6.39
T2M,1996,-11.25,-73.75,22.2,22.1,22.13,22.13,22.92,22.21,22.87,24.82,25.48,24.6,23.56,22.99,23.17
T2M,1996,-11.25,-74.25,20.39,20.51,20.51,20.56,21.31,20.74,21.05,22.66,23.35,22.61,21.74,21.23,21.39
T2M,1996,-11.25,-74.75,16.52,16.86,16.94,16.78,17.22,16.6,16.61,17.98,18.62,18.27,17.5,17.12,17.25
T2M,1996,-11.25,-75.25,12.59,12.87,13.0,12.62,12.69,11.93,11.59,12.95,13.56,13.56,13.04,12.89,12.77
T2M,1996,-11.25,-75.75,9.36,9.46,9.55,9.15,8.97,8.13,7.45,8.94,9.53,9.68,9.44,9.54,9.1
T2M,1996,-11.25,-76.25,6.39,6.71,6.74,6.58,6.48,5.78,5.06,6.48,7.02,7.06,6.73,6.93,6.5
T2M,1996,-11.75,-73.75,20.33,20.23,20.14,20.24,21.01,20.34,20.47,21.8,22.56,22.29,21.52,20.69,20.97
T2M,1996,-11.75,-74.25,18.24,18.16,18.09,18.12,18.75,18.09,18.04,19.33,20.09,19.88,19.18,18.46,18.7
T2M,1996,-11.75,-74.75,13.05,13.14,13.14,12.96,13.17,12.45,12.03,13.32,13.92,14.02,13.47,13.09,13.15
T2M,1996,-11.75,-75.25,9.19,9.32,9.39,9.09,8.96,8.15,7.43,8.81,9.35,9.64,9.26,9.17,8.98
T2M,1996,-11.75,-75.75,8.06,8.16,8.3,8.06,7.83,6.97,6.19,7.66,8.27,8.48,8.17,8.2,7.86
T2M,1996,-11.75,-76.25,8.01,8.48,8.72,8.68,8.48,7.67,7.17,8.49,9.15,9.1,8.6,8.61,8.43
T2M,1996,-12.25,-73.75,17.88,17.67,17.59,17.64,18.22,17.49,17.34,18.38,19.11,19.25,18.68,17.82,18.09
T2M,1996,-12.25,-74.25,15.5,15.23,15.17,15.08,15.54,14.77,14.47,15.64,16.26,16.43,15.96,15.26,15.45
T2M,1996,-12.25,-74.75,11.02,10.95,10.87,10.66,10.83,10.03,9.43,10.7,11.19,11.43,11.17,10.82,10.76
T2M,1996,-12.25,-75.25,7.78,7.85,7.81,7.64,7.55,6.7,5.97,7.29,7.79,8.04,7.83,7.7,7.49
T2M,1996,-12.25,-75.75,7.71,7.92,8.01,7.98,7.73,6.78,6.23,7.47,8.09,8.23,7.88,7.81,7.65
T2M,1996,-12.25,-76.25,11.4,12.1,12.34,12.31,11.96,10.86,10.64,11.6,12.32,12.1,11.64,11.81,11.75
T2M,1997,-10.75,-73.75,23.85,23.6,23.63,23.94,24.08,25.31,26.24,27.1,29.46,30.03,28.09,28.74,26.19
T2M,1997,-10.75,-74.25,22.1,21.91,21.91,22.51,22.67,23.7,24.52,24.6,27.14,27.53,25.74,26.24,24.23
T2M,1997,-10.75,-74.75,21.03,20.98,21.0,21.74,21.77,22.33,23.27,23.03,25.5,25.83,24.25,24.43,22.94
T2M,1997,-10.75,-75.25,17.3,17.35,17.39,17.8,17.54,17.92,18.45,18.03,20.42,20.83,19.77,19.89,18.56
T2M,1997,-10.75,-75.75,11.18,11.29,11.32,11.16,10.61,11.08,10.77,10.27,12.57,13.09,12.71,13.02,11.59
T2M,1997,-10.75,-76.25,6.57,6.85,6.73,6.56,6.1,6.35,5.75,5.48,7.44,7.84,7.75,8.06,6.79
T2M,1997,-11.25,-73.75,22.21,21.98,22.14,22.67,22.8,23.9,24.53,24.86,27.19,27.67,25.99,26.46,24.38
T2M,1997,-11.25,-74.25,20.43,20.21,20.38,21.07,21.09,22.04,22.57,22.33,24.89,25.32,23.77,24.23,22.37
T2M,1997,-11.25,-74.75,16.54,16.53,16.57,17.15,16.93,17.53,17.9,17.42,19.92,20.35,19.28,19.58,17.98
T2M,1997,-11.25,-75.25,12.54,12.66,12.68,12.78,12.35,12.86,12.7,12.14,14.57,15.1,14.57,14.9,13.32
T2M,1997,-11.25,-75.75,9.23,9.4,9.52,9.16,8.62,9.16,8.44,7.93,10.24,10.86,10.68,11.21,9.54
T2M,1997,-11.25,-76.25,6.25,6.65,6.76,6.81,6.23,6.26,5.89,5.61,7.42,7.81,7.67,8.18,6.8
T2M,1997,-11.75,-73.75,19.9,19.78,20.03,20.64,20.74,21.55,21.83,21.72,24.01,24.34,23.03,23.36,21.75
T2M,1997,-11.75,-74.25,17.76,17.65,17.85,18.38,18.25,19.06,19.31,18.76,21.28,21.8,20.61,21.0,19.32
T2M,1997,-11.75,-74.75,12.58,12.68,12.49,12.89,12.56,13.22,13.09,12.39,14.91,15.4,14.74,15.3,13.52
T2M,1997,-11.75,-75.25,8.8,9.04,8.82,8.85,8.44,8.9,8.33,7.7,10.14,10.65,10.42,11.1,9.26
T2M,1997,-11.75,-75.75,7.74,8.09,8.23,7.97,7.52,7.68,7.0,6.61,8.82,9.39,9.29,9.99,8.19
T2M,1997,-11.75,-76.25,7.65,8.39,8.74,8.95,8.3,7.79,7.97,7.85,9.35,9.81,9.59,10.31,8.73
T2M,1997,-12.25,-73.75,17.18,17.13,17.26,17.71,17.68,18.31,18.49,18.03,20.36,20.72,19.74,20.07,18.56
T2M,1997,-12.25,-74.25,14.76,14.73,14.74,15.0,14.74,15.55,15.53,14.73,17.3,17.88,17.04,17.51,15.8
T2M,1997,-12.25,-74.75,10.32,10.45,10.12,10.32,10.06,10.73,10.36,9.54,12.04,12.62,12.11,12.8,10.95
T2M,1997,-12.25,-75.25,7.22,7.45,7.2,7.26,6.96,7.2,6.79,6.14,8.47,8.98,8.72,9.47,7.65
T2M,1997,-12.25,-75.75,7.31,7.72,7.98,7.88,7.42,7.04,7.05,6.68,8.65,9.06,8.91,9.64,7.94
T2M,1997,-12.25,-76.25,10.97,12.07,12.59,12.65,12.09,11.04,11.73,11.78,12.81,13.0,12.92,13.96,12.3
T2M,1998,-10.75,-73.75,27.71,26.83,25.97,26.28,25.31,25.83,27.68,28.8,28.83,26.36,24.97,25.03,26.63
T2M,1998,-10.75,-74.25,25.57,24.78,24.04,24.85,23.96,24.04,25.58,26.38,26.28,24.23,23.25,23.3,24.69
T2M,1998,-10.75,-74.75,24.26,23.39,22.87,23.73,22.83,22.82,23.99,24.75,24.55,22.93,21.88,21.99,23.33
T2M,1998,-10.75,-75.25,20.05,19.38,19.1,19.66,18.62,18.18,18.95,19.76,19.71,18.84,17.92,17.92,19.01
T2M,1998,-10.75,-75.75,13.28,13.04,12.96,13.11,11.98,10.82,11.18,12.02,12.3,12.21,11.72,11.54,12.17
T2M,1998,-10.75,-76.25,8.36,8.26,8.3,8.23,7.6,6.15,6.0,6.83,7.3,7.16,6.97,6.89,7.33
T2M,1998,-11.25,-73.75,25.3,24.74,24.38,25.04,23.97,24.22,25.61,26.73,26.94,24.6,23.61,23.7,24.9
T2M,1998,-11.25,-74.25,23.39,22.83,22.55,23.42,22.5,22.29,23.47,24.34,24.46,22.58,21.84,21.93,22.97
T2M,1998,-11.25,-74.75,19.42,18.81,18.69,19.29,18.33,17.81,18.56,19.3,19.46,18.4,17.63,17.68,18.62
T2M,1998,-11.25,-75.25,15.13,14.67,14.65,14.93,13.75,12.81,13.18,13.96,14.25,13.92,13.24,13.24,13.98
T2M,1998,-11.25,-75.75,11.46,11.27,11.32,11.41,10.16,8.75,8.83,9.73,10.15,10.14,9.72,9.68,10.21
T2M,1998,-11.25,-76.25,8.55,8.34,8.64,8.54,8.0,6.53,6.17,7.08,7.49,7.23,6.87,6.86,7.52
T2M,1998,-11.75,-73.75,22.35,22.05,22.16,23.08,22.06,21.67,22.55,23.67,24.04,22.13,21.46,21.55,22.4
T2M,1998,-11.75,-74.25,20.25,19.93,20.01,20.8,19.89,19.23,20.01,20.94,21.19,19.78,19.22,19.36,20.05
T2M,1998,-11.75,-74.75,15.18,14.7,14.87,15.18,14.24,13.36,13.72,14.4,14.8,14.16,13.56,13.82,14.33
T2M,1998,-11.75,-75.25,11.31,10.9,11.12,11.19,10.07,8.85,8.86,9.53,10.1,9.93,9.35,9.65,10.07
T2M,1998,-11.75,-75.75,10.16,10.0,10.23,10.34,9.11,7.6,7.42,8.27,8.87,8.75,8.22,8.41,8.94
T2M,1998,-11.75,-76.25,10.62,10.42,10.79,10.77,9.92,8.58,8.2,9.04,9.47,9.26,8.52,8.51,9.5
T2M,1998,-12.25,-73.75,19.35,19.15,19.43,20.22,19.3,18.43,18.99,19.96,20.41,19.16,18.69,18.75,19.32
T2M,1998,-12.25,-74.25,16.94,16.73,16.94,17.48,16.64,15.64,16.15,16.91,17.27,16.37,16.02,16.26,16.61
T2M,1998,-12.25,-74.75,12.61,12.21,12.51,12.67,11.9,10.83,11.04,11.53,12.06,11.53,11.11,11.6,11.8
T2M,1998,-12.25,-75.25,9.46,9.23,9.57,9.58,8.74,7.48,7.45,7.88,8.53,8.23,7.67,8.22,8.5
T2M,1998,-12.25,-75.75,9.64,9.82,10.1,10.13,9.1,7.65,7.49,8.03,8.6,8.4,7.73,8.1,8.72
T2M,1998,-12.25,-76.25,14.33,14.38,14.65,14.39,13.18,11.92,11.64,12.02,12.43,12.31,11.58,11.76,12.87
T2M,1999,-10.75,-73.75,23.89,23.42,22.99,23.03,23.51,23.8,24.12,25.49,27.3,27.05,26.01,24.68,24.61
T2M,1999,-10.75,-74.25,22.09,21.72,21.13,21.5,22.09,22.49,22.67,23.75,25.15,25.04,24.36,23.06,22.93
T2M,1999,-10.75,-74.75,20.85,20.66,20.06,20.87,21.16,21.4,21.63,22.55,23.73,23.74,23.17,21.89,21.81
T2M,1999,-10.75,-75.25,17.12,16.99,16.57,17.13,17.12,17.2,17.05,17.69,18.9,19.07,18.82,17.96,17.64
T2M,1999,-10.75,-75.75,11.16,10.93,10.78,10.63,10.49,10.47,9.62,9.95,11.27,11.62,11.91,11.59,10.86
T2M,1999,-10.75,-76.25,6.54,6.23,6.14,6.08,5.91,5.74,4.69,5.12,6.18,6.65,7.26,6.67,6.1
T2M,1999,-11.25,-73.75,22.52,21.99,21.42,21.63,22.22,22.49,22.66,23.75,25.33,25.37,24.45,23.19,23.09
T2M,1999,-11.25,-74.25,20.73,20.3,19.61,20.05,20.56,20.92,20.94,21.87,23.23,23.35,22.75,21.55,21.33
T2M,1999,-11.25,-74.75,16.78,16.47,15.92,16.43,16.61,16.69,16.55,17.22,18.5,18.68,18.41,17.5,17.15
T2M,1999,-11.25,-75.25,12.73,12.45,12.09,12.31,12.2,12.14,11.57,11.99,13.3,13.55,13.69,13.23,12.6
T2M,1999,-11.25,-75.75,9.43,9.1,8.94,8.74,8.51,8.49,7.44,7.72,9.02,9.38,9.88,9.68,8.86
T2M,1999,-11.25,-76.25,6.6,6.21,6.28,6.26,6.05,5.93,4.94,5.27,6.27,6.73,7.25,6.55,6.19
T2M,1999,-11.75,-73.75,20.51,19.89,19.31,19.66,20.13,20.45,20.4,21.09,22.45,22.76,22.15,21.11,20.83
T2M,1999,-11.75,-74.25,18.32,17.79,17.26,17.54,17.83,18.11,17.99,18.66,19.92,20.29,19.9,18.98,18.55
T2M,1999,-11.75,-74.75,13.15,12.7,12.23,12.34,12.37,12.34,11.96,12.39,13.63,14.0,14.06,13.53,12.89
T2M,1999,-11.75,-75.25,9.33,8.92,8.55,8.51,8.34,8.07,7.32,7.67,8.87,9.27,9.72,9.46,8.66
T2M,1999,-11.75,-75.75,8.23,7.85,7.68,7.67,7.4,7.03,6.07,6.5,7.61,8.04,8.6,8.28,7.57
T2M,1999,-11.75,-76.25,8.35,7.94,8.21,8.57,8.24,7.77,7.1,7.51,8.44,8.8,8.99,8.32,8.19
T2M,1999,-12.25,-73.75,17.99,17.19,16.78,16.96,17.25,17.48,17.3,17.79,19.01,19.4,19.19,18.41,17.9
T2M,1999,-12.25,-74.25,15.52,14.8,14.37,14.36,14.53,14.66,14.46,14.89,15.93,16.5,16.5,15.84,15.2
T2M,1999,-12.25,-74.75,11.13,10.52,10.03,9.83,9.87,9.75,9.3,9.67,10.64,11.22,11.56,11.16,10.39
T2M,1999,-12.25,-75.25,7.96,7.47,7.09,6.91,6.85,6.39,5.76,6.18,7.08,7.62,8.14,7.81,7.1
T2M,1999,-12.25,-75.75,7.94,7.58,7.51,7.62,7.41,6.61,6.03,6.56,7.36,7.86,8.22,7.77,7.37
T2M,1999,-12.25,-76.25,11.78,11.61,11.92,12.51,11.9,10.83,10.55,11.03,11.71,12.19,11.93,11.59,11.63
T2M,2000,-10.75,-73.75,23.74,23.21,22.96,23.65,24.3,24.18,23.46,26.54,27.69,26.97,26.03,25.14,24.82
T2M,2000,-10.75,-74.25,21.95,21.37,21.16,22.06,22.92,22.54,21.99,24.45,25.45,25.02,24.43,23.49,23.07
T2M,2000,-10.75,-74.75,20.89,20.24,20.02,21.17,21.84,21.25,21.03,23.08,23.94,23.93,23.39,22.31,21.93
T2M,2000,-10.75,-75.25,17.13,16.64,16.47,17.23,17.61,16.97,16.69,18.3,19.03,19.3,19.25,18.28,17.74
T2M,2000,-10.75,-75.75,10.94,10.78,10.63,10.62,10.78,10.25,9.61,10.7,11.35,11.65,12.53,11.81,10.97
T2M,2000,-10.75,-76.25,6.25,6.24,5.81,5.82,5.88,5.56,4.9,5.52,6.3,6.53,7.89,7.03,6.14
T2M,2000,-11.25,-73.75,22.26,21.62,21.47,22.41,23.04,22.77,22.01,24.82,25.81,25.19,24.64,23.71,23.31
T2M,2000,-11.25,-74.25,20.44,19.74,19.65,20.8,21.46,20.95,20.35,22.68,23.61,23.22,22.91,21.99,21.48
T2M,2000,-11.25,-74.75,16.58,15.98,15.88,16.92,17.32,16.65,16.17,17.96,18.7,18.72,18.65,17.84,17.28
T2M,2000,-11.25,-75.25,12.49,12.16,11.99,12.55,12.7,12.05,11.43,12.8,13.45,13.7,14.16,13.44,12.74
T2M,2000,-11.25,-75.75,9.0,9.02,8.76,8.8,8.84,8.39,7.49,8.62,9.25,9.48,10.52,9.84,9.0
T2M,2000,-11.25,-76.25,5.98,6.16,5.88,6.05,6.15,5.98,5.08,6.08,6.56,6.7,7.69,6.92,6.26
T2M,2000,-11.75,-73.75,20.11,19.45,19.38,20.44,21.01,20.59,19.84,22.02,22.95,22.58,22.62,21.53,21.05
T2M,2000,-11.75,-74.25,17.93,17.28,17.27,18.26,18.78,18.18,17.53,19.53,20.35,20.16,20.27,19.35,18.74
T2M,2000,-11.75,-74.75,12.72,12.25,12.17,12.83,13.17,12.48,11.74,13.35,13.98,14.02,14.52,13.82,13.09
T2M,2000,-11.75,-75.25,8.84,8.64,8.41,8.79,8.91,8.28,7.35,8.63,9.25,9.36,10.31,9.65,8.86
T2M,2000,-11.75,-75.75,7.65,7.74,7.46,7.76,7.77,7.23,6.19,7.36,8.06,8.13,9.15,8.44,7.74
T2M,2000,-11.75,-76.25,7.59,7.8,7.86,8.38,8.51,7.93,7.13,8.41,8.8,9.03,9.11,8.72,8.27
T2M,2000,-12.25,-73.75,17.42,16.87,16.74,17.65,18.13,17.54,16.89,18.57,19.47,19.21,19.8,18.64,18.08
T2M,2000,-12.25,-74.25,14.97,14.45,14.39,14.99,15.43,14.77,14.08,15.73,16.53,16.38,17.03,16.08,15.4
T2M,2000,-12.25,-74.75,10.51,10.14,9.98,10.28,10.64,10.05,9.12,10.65,11.28,11.16,12.23,11.45,10.62
T2M,2000,-12.25,-75.25,7.32,7.2,6.91,7.15,7.43,6.85,5.73,7.12,7.74,7.61,8.83,8.07,7.33
T2M,2000,-12.25,-75.75,7.31,7.48,7.23,7.67,7.8,7.08,6.04,7.34,7.98,7.96,8.66,8.03,7.55
T2M,2000,-12.25,-76.25,11.04,11.35,11.65,12.37,12.17,11.03,10.6,11.89,12.14,12.67,11.98,12.17,11.76
T2M,2001,-10.75,-73.75,23.48,23.98,23.71,24.42,25.02,22.94,24.97,26.44,26.99,27.22,25.81,24.78,24.99
T2M,2001,-10.75,-74.25,21.88,22.35,22.12,23.04,23.58,21.69,23.1,24.16,24.9,25.1,24.0,23.15,23.26
T2M,2001,-10.75,-74.75,20.79,21.38,21.18,22.14,22.41,21.01,21.85,22.72,23.67,23.75,22.71,22.06,22.14
T2M,2001,-10.75,-75.25,17.13,17.51,17.45,17.99,18.12,16.91,17.33,17.81,18.97,19.19,18.56,18.09,17.92
T2M,2001,-10.75,-75.75,11.14,11.07,11.24,11.11,11.31,9.86,10.04,9.97,11.37,11.92,11.97,11.63,11.05
T2M,2001,-10.75,-76.25,6.42,6.24,6.58,6.31,6.5,4.88,4.89,4.67,6.29,6.87,7.19,6.87,6.14
T2M,2001,-11.25,-73.75,22.12,22.54,22.31,23.14,23.62,21.72,23.34,24.69,25.34,25.28,24.24,23.41,23.48
T2M,2001,-11.25,-74.25,20.45,20.8,20.64,21.56,21.94,20.26,21.4,22.37,23.24,23.17,22.48,21.66,21.67
T2M,2001,-11.25,-74.75,16.59,16.9,16.87,17.55,17.66,16.28,16.94,17.53,18.53,18.68,18.26,17.61,17.45
T2M,2001,-11.25,-75.25,12.6,12.7,12.81,13.0,13.01,11.64,11.99,12.12,13.39,13.77,13.74,13.28,12.84
T2M,2001,-11.25,-75.75,9.31,9.12,9.36,9.13,9.25,7.64,7.88,7.6,9.2,9.71,10.06,9.77,9.0
T2M,2001,-11.25,-76.25,6.3,6.15,6.52,6.48,6.7,5.01,5.12,4.91,6.5,7.12,7.33,7.19,6.28
T2M,2001,-11.75,-73.75,20.15,20.46,20.27,21.13,21.45,19.88,20.79,21.92,22.76,22.44,22.0,21.4,21.23
T2M,2001,-11.75,-74.25,18.09,18.27,18.11,18.86,19.13,17.7,18.38,19.16,20.15,19.95,19.77,19.06,18.89
T2M,2001,-11.75,-74.75,12.96,12.98,12.96,13.2,13.3,11.93,12.34,12.58,13.79,13.9,14.11,13.37,13.12
T2M,2001,-11.75,-75.25,9.1,8.98,9.13,9.03,8.95,7.53,7.73,7.59,9.06,9.41,9.87,9.33,8.81
T2M,2001,-11.75,-75.75,7.97,7.78,8.07,8.04,7.87,6.36,6.5,6.3,7.89,8.35,8.75,8.57,7.7
T2M,2001,-11.75,-76.25,8.1,8.07,8.44,8.8,8.7,7.24,7.48,7.47,8.81,9.4,9.3,9.38,8.44
T2M,2001,-12.25,-73.75,17.52,17.73,17.51,18.3,18.35,17.1,17.58,18.31,19.37,19.06,19.13,18.59,18.22
T2M,2001,-12.25,-74.25,15.23,15.23,15.04,15.5,15.55,14.37,14.68,15.13,16.27,16.17,16.48,15.8,15.45
T2M,2001,-12.25,-74.75,10.9,10.75,10.63,10.61,10.67,9.37,9.55,9.55,10.89,11.06,11.65,10.88,10.54
T2M,2001,-12.25,-75.25,7.67,7.48,7.53,7.42,7.36,5.98,6.08,5.88,7.33,7.71,8.31,7.76,7.21
T2M,2001,-12.25,-75.75,7.6,7.55,7.79,8.02,7.67,6.37,6.43,6.43,7.7,8.22,8.47,8.39,7.55
T2M,2001,-12.25,-76.25,11.67,12.01,12.27,12.8,12.01,10.99,11.14,11.54,12.12,12.81,12.49,12.74,12.05
T2M,2002,-10.75,-73.75,24.68,23.8,24.21,24.43,25.27,24.6,25.14,27.38,27.41,27.64,26.32,26.13,25.6
T2M,2002,-10.75,-74.25,23.16,22.1,22.65,23.06,23.74,23.12,22.91,25.06,25.32,25.46,24.39,24.41,23.79
T2M,2002,-10.75,-74.75,22.2,21.01,21.57,22.13,22.56,22.06,21.42,23.61,24.09,24.05,22.99,23.09,22.57
T2M,2002,-10.75,-75.25,18.29,17.39,17.73,18.05,18.18,17.54,16.87,18.54,19.24,19.39,18.71,18.97,18.25
T2M,2002,-10.75,-75.75,11.86,11.43,11.5,11.39,11.21,10.16,9.73,10.48,11.42,12.0,12.01,12.55,11.31
T2M,2002,-10.75,-76.25,7.21,6.65,6.8,6.85,6.35,5.1,4.77,5.09,6.37,6.96,7.2,8.03,6.45
T2M,2002,-11.25,-73.75,23.21,22.31,22.79,23.1,23.94,23.14,23.38,25.47,25.47,25.77,24.58,24.49,23.98
T2M,2002,-11.25,-74.25,21.58,20.6,21.09,21.59,22.18,21.5,21.09,23.1,23.36,23.64,22.7,22.76,22.11
T2M,2002,-11.25,-74.75,17.64,16.79,17.21,17.66,17.85,17.18,16.52,18.19,18.71,18.95,18.37,18.55,17.81
T2M,2002,-11.25,-75.25,13.42,12.87,13.12,13.22,13.07,12.15,11.7,12.74,13.53,13.92,13.81,14.17,13.14
T2M,2002,-11.25,-75.75,9.97,9.65,9.75,9.48,9.17,7.88,7.81,8.21,9.28,9.86,10.12,10.73,9.32
T2M,2002,-11.25,-76.25,7.39,6.71,6.89,6.98,6.67,5.32,5.21,5.49,6.81,7.14,7.32,8.1,6.67
T2M,2002,-11.75,-73.75,21.16,20.2,20.65,21.06,21.91,20.9,20.65,22.49,22.53,23.02,22.23,22.19,21.59
T2M,2002,-11.75,-74.25,18.99,18.11,18.5,18.85,19.44,18.65,18.06,19.74,20.01,20.51,19.95,19.97,19.24
T2M,2002,-11.75,-74.75,13.64,13.02,13.34,13.39,13.46,12.65,12.09,13.24,13.79,14.34,14.23,14.48,13.47
T2M,2002,-11.75,-75.25,9.72,9.27,9.56,9.35,8.99,7.96,7.6,8.26,9.12,9.73,9.97,10.43,9.16
T2M,2002,-11.75,-75.75,8.77,8.31,8.61,8.38,7.89,6.59,6.46,6.88,7.98,8.55,8.9,9.44,8.06
T2M,2002,-11.75,-76.25,9.3,8.71,9.02,9.06,8.78,7.56,7.49,7.98,9.12,9.36,9.51,9.94,8.82
T2M,2002,-12.25,-73.75,18.49,17.47,17.86,18.21,18.89,17.86,17.23,18.8,18.97,19.66,19.26,19.3,18.51
T2M,2002,-12.25,-74.25,15.93,15.07,15.36,15.5,15.95,15.15,14.36,15.64,15.99,16.77,16.63,16.7,15.76
T2M,2002,-12.25,-74.75,11.45,10.75,11.01,10.79,10.84,10.03,9.41,10.27,10.85,11.59,11.73,12.08,10.9
T2M,2002,-12.25,-75.25,8.34,7.72,8.03,7.72,7.43,6.5,5.96,6.6,7.45,8.09,8.39,8.89,7.59
T2M,2002,-12.25,-75.75,8.55,8.02,8.4,8.25,7.83,6.8,6.21,6.94,7.9,8.41,8.68,9.1,7.92
T2M,2002,-12.25,-76.25,12.68,12.51,12.94,12.71,12.45,11.34,11.01,11.92,12.51,12.87,12.98,13.2,12.43
T2M,2003,-10.75,-73.75,25.94,24.55,24.31,24.56,24.85,24.9,24.68,25.86,27.17,28.0,26.93,26.02,25.65
T2M,2003,-10.75,-74.25,24.26,23.11,22.76,23.19,23.36,23.48,22.95,23.85,24.84,25.94,25.04,23.76,23.88
T2M,2003,-10.75,-74.75,23.12,22.21,22.01,22.41,22.46,22.4,21.89,22.49,23.38,24.61,23.73,22.23,22.75
T2M,2003,-10.75,-75.25,19.08,18.43,18.28,18.36,18.2,18.02,17.4,17.78,18.63,20.01,19.35,18.24,18.48
T2M,2003,-10.75,-75.75,12.57,12.17,11.93,11.58,11.14,10.92,10.03,10.38,11.19,12.7,12.4,12.09,11.59
T2M,2003,-10.75,-76.25,7.91,7.62,7.42,7.01,6.32,5.91,4.92,5.68,6.36,7.85,7.55,7.53,6.83
T2M,2003,-11.25,-73.75,24.24,23.02,22.69,23.05,23.47,23.57,23.08,24.05,25.23,26.38,25.33,24.29,24.04
T2M,2003,-11.25,-74.25,22.55,21.49,21.04,21.49,21.72,21.98,21.22,21.98,22.91,24.26,23.41,22.19,22.19
T2M,2003,-11.25,-74.75,18.48,17.77,17.39,17.64,17.6,17.71,16.85,17.38,18.15,19.62,18.97,17.95,17.96
T2M,2003,-11.25,-75.25,14.18,13.73,13.42,13.28,12.97,12.88,11.95,12.36,13.12,14.64,14.23,13.65,13.36
T2M,2003,-11.25,-75.75,10.67,10.34,10.05,9.57,9.09,8.81,7.85,8.32,9.14,10.59,10.36,10.23,9.58
T2M,2003,-11.25,-76.25,7.86,7.6,7.46,7.05,6.63,6.07,5.2,5.96,6.66,7.87,7.55,7.46,6.94
T2M,2003,-11.75,-73.75,21.89,20.89,20.44,20.77,21.32,21.49,20.73,21.32,22.32,23.81,23.01,21.83,21.65
T2M,2003,-11.75,-74.25,19.74,18.87,18.35,18.59,18.9,19.23,18.32,18.76,19.61,21.2,20.61,19.53,19.31
T2M,2003,-11.75,-74.75,14.36,13.83,13.36,13.28,13.17,13.35,12.33,12.76,13.37,15.09,14.68,14.11,13.64
T2M,2003,-11.75,-75.25,10.4,10.07,9.68,9.32,8.91,8.82,7.74,8.26,8.82,10.55,10.25,10.09,9.4
T2M,2003,-11.75,-75.75,9.4,9.06,8.79,8.34,7.9,7.51,6.51,7.15,7.82,9.36,9.05,8.98,8.31
T2M,2003,-11.75,-76.25,9.78,9.49,9.34,9.14,8.94,8.24,7.53,8.29,8.87,9.95,9.55,9.27,9.03
T2M,2003,-12.25,-73.75,19.03,18.17,17.64,17.82,18.31,18.51,17.64,18.0,18.78,20.51,20.02,18.99,18.62
T2M,2003,-12.25,-74.25,16.49,15.78,15.25,15.09,15.38,15.74,14.79,15.0,15.76,17.56,17.23,16.43,15.87
T2M,2003,-12.25,-74.75,11.93,11.48,11.01,10.63,10.48,10.67,9.69,10.06,10.59,12.42,12.13,11.9,11.08
T2M,2003,-12.25,-75.25,8.82,8.49,8.13,7.73,7.3,7.23,6.2,6.8,7.18,8.96,8.6,8.67,7.84
T2M,2003,-12.25,-75.75,9.14,8.81,8.56,8.3,7.91,7.49,6.51,7.24,7.65,9.17,8.72,8.71,8.18
T2M,2003,-12.25,-76.25,13.34,13.24,12.98,12.92,12.68,11.73,11.17,11.85,12.29,13.16,12.83,12.65,12.56
T2M,2004,-10.75,-73.75,24.97,24.92,24.9,25.16,24.85,24.91,25.37,26.11,26.96,26.24,25.2,24.44,25.34
T2M,2004,-10.75,-74.25,23.14,23.35,23.2,23.47,23.24,23.04,23.1,23.84,24.73,24.29,23.52,22.69,23.47
T2M,2004,-10.75,-74.75,21.85,22.21,22.16,22.22,22.05,21.86,21.75,22.51,23.6,23.09,22.21,21.52,22.25
T2M,2004,-10.75,-75.25,18.05,18.3,18.23,18.22,17.94,17.36,17.27,17.7,18.93,18.84,18.2,17.78,18.07
T2M,2004,-10.75,-75.75,12.07,12.02,11.8,11.87,11.36,10.04,10.1,9.95,11.28,12.01,11.93,11.74,11.34
T2M,2004,-10.75,-76.25,7.6,7.33,7.13,7.14,6.63,4.96,5.21,4.72,6.37,7.31,7.34,7.03,6.56
T2M,2004,-11.25,-73.75,23.46,23.27,23.43,23.81,23.48,23.33,23.42,24.17,25.17,24.79,23.98,23.06,23.78
T2M,2004,-11.25,-74.25,21.64,21.63,21.75,22.1,21.72,21.38,21.21,21.86,22.96,22.79,22.25,21.32,21.89
T2M,2004,-11.25,-74.75,17.54,17.68,17.87,18.01,17.5,16.91,16.73,17.14,18.38,18.43,18.06,17.44,17.64
T2M,2004,-11.25,-75.25,13.41,13.55,13.56,13.6,13.02,11.9,11.95,11.93,13.31,13.79,13.61,13.32,13.08
T2M,2004,-11.25,-75.75,10.16,10.16,9.9,9.99,9.47,7.72,8.06,7.63,9.09,10.05,10.07,9.88,9.34
T2M,2004,-11.25,-76.25,7.35,7.27,7.28,7.39,7.05,5.12,5.45,5.11,6.53,7.51,7.49,7.12,6.72
T2M,2004,-11.75,-73.75,21.23,20.95,21.38,21.71,21.35,20.88,20.58,21.31,22.48,22.54,22.03,20.98,21.45
T2M,2004,-11.75,-74.25,19.06,18.86,19.18,19.5,19.01,18.43,18.11,18.61,19.89,20.04,19.78,18.83,19.11
T2M,2004,-11.75,-74.75,13.64,13.68,13.76,14.01,13.29,12.32,12.23,12.3,13.67,14.16,14.16,13.64,13.4
T2M,2004,-11.75,-75.25,9.73,9.85,9.75,9.92,9.13,7.59,7.8,7.5,9.02,9.85,9.98,9.71,9.15
T2M,2004,-11.75,-75.75,8.79,8.85,8.78,8.86,8.24,6.29,6.66,6.25,7.86,8.81,8.89,8.56,8.07
T2M,2004,-11.75,-76.25,8.94,9.1,9.53,9.42,9.18,7.4,7.6,7.49,8.8,9.52,9.42,8.92,8.78
T2M,2004,-12.25,-73.75,18.48,18.18,18.68,18.9,18.33,17.68,17.23,17.84,19.05,19.55,19.28,18.35,18.46
T2M,2004,-12.25,-74.25,15.97,15.75,16.01,16.2,15.57,14.74,14.45,14.82,16.1,16.63,16.58,15.87,15.72
T2M,2004,-12.25,-74.75,11.37,11.34,11.3,11.56,10.78,9.54,9.56,9.53,10.9,11.68,11.75,11.39,10.89
T2M,2004,-12.25,-75.25,8.21,8.29,8.16,8.45,7.65,5.98,6.19,5.92,7.45,8.36,8.46,8.19,7.61
T2M,2004,-12.25,-75.75,8.43,8.55,8.7,8.79,8.15,6.32,6.44,6.29,7.85,8.6,8.67,8.25,7.92
T2M,2004,-12.25,-76.25,12.3,12.74,13.48,12.95,12.46,11.19,10.89,11.34,12.36,12.66,12.62,12.26,12.27
T2M,2005,-10.75,-73.75,25.15,25.78,25.32,26.32,27.12,27.42,26.73,28.35,28.49,28.1,27.73,25.89,26.87
T2M,2005,-10.75,-74.25,23.39,23.87,23.29,24.55,25.04,25.09,24.36,25.77,25.74,25.8,25.63,23.87,24.7
T2M,2005,-10.75,-74.75,22.07,22.49,21.82,23.14,23.53,23.35,22.93,24.1,23.94,24.37,24.24,22.5,23.21
T2M,2005,-10.75,-75.25,18.24,18.37,17.93,18.78,18.94,18.5,18.0,18.9,18.91,19.67,19.7,18.38,18.69
T2M,2005,-10.75,-75.75,12.16,11.91,11.84,12.04,11.83,11.15,10.12,10.8,11.28,12.22,12.52,11.9,11.64
T2M,2005,-10.75,-76.25,7.37,7.15,7.01,7.29,6.91,6.3,4.83,5.48,6.46,7.15,7.6,7.18,6.73
T2M,2005,-11.25,-73.75,23.85,24.28,23.94,24.92,25.49,25.41,24.6,26.04,26.1,25.82,25.77,24.18,25.03
T2M,2005,-11.25,-74.25,22.0,22.35,21.99,23.11,23.4,23.09,22.24,23.49,23.45,23.66,23.7,22.25,22.9
T2M,2005,-11.25,-74.75,17.85,18.1,17.8,18.69,18.73,18.19,17.49,18.49,18.46,19.05,19.17,18.05,18.34
T2M,2005,-11.25,-75.25,13.66,13.65,13.53,13.96,13.73,13.03,12.23,12.97,13.21,14.12,14.32,13.6,13.5
T2M,2005,-11.25,-75.75,10.28,10.05,10.06,10.16,9.72,9.02,7.83,8.34,9.08,10.06,10.32,9.92,9.57
T2M,2005,-11.25,-76.25,7.14,7.3,7.06,7.49,7.06,6.55,5.07,5.54,6.73,7.15,7.42,7.02,6.79
T2M,2005,-11.75,-73.75,21.7,21.9,21.71,22.53,22.79,22.37,21.67,22.86,22.81,22.78,22.91,21.69,22.31
T2M,2005,-11.75,-74.25,19.46,19.57,19.51,20.25,20.31,19.73,18.94,19.98,19.84,20.29,20.48,19.47,19.82
T2M,2005,-11.75,-74.75,13.96,14.04,14.15,14.44,14.27,13.53,12.6,13.42,13.56,14.25,14.52,13.94,13.89
T2M,2005,-11.75,-75.25,9.93,9.91,10.04,10.14,9.69,8.83,7.81,8.43,8.91,9.79,10.09,9.8,9.44
T2M,2005,-11.75,-75.75,8.83,8.81,8.75,9.1,8.41,7.53,6.53,7.04,7.76,8.68,8.9,8.58,8.24
T2M,2005,-11.75,-76.25,8.9,9.41,9.08,9.76,9.05,8.37,7.48,8.04,8.94,9.27,9.23,8.62,8.84
T2M,2005,-12.25,-73.75,19.01,18.94,18.94,19.44,19.49,18.83,18.14,19.15,19.0,19.42,19.68,18.76,19.06
T2M,2005,-12.25,-74.25,16.43,16.26,16.49,16.77,16.69,15.93,15.12,16.04,15.74,16.5,16.85,16.25,16.26
T2M,2005,-12.25,-74.75,11.72,11.56,11.95,11.88,11.64,10.84,9.78,10.46,10.65,11.32,11.82,11.56,11.26
T2M,2005,-12.25,-75.25,8.35,8.34,8.56,8.62,8.17,7.26,6.19,6.73,7.29,7.93,8.42,8.25,7.84
T2M,2005,-12.25,-75.75,8.37,8.68,8.48,9.1,8.31,7.32,6.54,7.13,7.66,8.31,8.59,8.23,8.06
T2M,2005,-12.25,-76.25,12.47,13.18,12.81,13.62,12.3,11.61,11.16,11.89,12.23,12.39,12.39,11.76,12.31
T2M,2006,-10.75,-73.75,24.72,24.44,24.17,24.34,24.17,25.1,26.58,28.21,28.53,28.05,25.85,25.43,25.81
T2M,2006,-10.75,-74.25,22.83,22.79,22.54,22.93,22.71,23.39,24.43,25.69,26.11,25.71,23.93,23.62,23.9
T2M,2006,-10.75,-74.75,21.63,21.79,21.44,21.95,21.8,22.21,23.08,24.1,24.5,24.14,22.6,22.29,22.63
T2M,2006,-10.75,-75.25,17.76,18.09,17.78,18.02,17.47,17.8,18.18,19.01,19.49,19.52,18.54,18.36,18.33
T2M,2006,-10.75,-75.75,11.5,11.97,11.79,11.56,10.41,10.71,10.27,11.02,11.74,12.32,12.05,12.17,11.45
T2M,2006,-10.75,-76.25,6.76,7.31,7.04,6.74,6.05,5.8,4.81,5.79,6.73,7.32,7.12,7.46,6.57
T2M,2006,-11.25,-73.75,22.56,22.79,22.58,22.9,22.67,23.49,24.69,25.83,26.24,26.06,24.31,23.78,24.0
T2M,2006,-11.25,-74.25,20.75,21.18,21.0,21.39,20.98,21.72,22.44,23.39,23.89,23.82,22.43,22.01,22.09
T2M,2006,-11.25,-74.75,16.86,17.41,17.19,17.5,16.91,17.36,17.67,18.46,18.93,19.07,18.17,17.87,17.79
T2M,2006,-11.25,-75.25,12.83,13.45,13.21,13.21,12.25,12.59,12.39,13.09,13.65,14.14,13.7,13.66,13.18
T2M,2006,-11.25,-75.75,9.49,10.15,9.93,9.59,8.36,8.67,7.95,8.66,9.47,10.2,10.05,10.32,9.4
T2M,2006,-11.25,-76.25,6.63,7.28,7.06,6.81,6.2,5.99,5.0,5.91,6.9,7.28,7.11,7.39,6.63
T2M,2006,-11.75,-73.75,19.86,20.44,20.35,20.66,20.33,21.08,21.76,22.51,23.03,23.1,21.93,21.45,21.38
T2M,2006,-11.75,-74.25,17.84,18.43,18.36,18.57,17.96,18.78,19.14,19.76,20.41,20.52,19.68,19.33,19.07
T2M,2006,-11.75,-74.75,12.65,13.32,13.27,13.28,12.39,12.9,12.71,13.31,13.98,14.33,13.98,13.95,13.34
T2M,2006,-11.75,-75.25,8.89,9.66,9.56,9.35,8.24,8.46,7.85,8.5,9.23,9.85,9.73,9.98,9.1
T2M,2006,-11.75,-75.75,8.02,8.85,8.65,8.4,7.26,7.33,6.55,7.29,8.13,8.78,8.59,8.94,8.06
T2M,2006,-11.75,-76.25,8.38,9.12,8.97,9.02,8.3,8.23,7.47,8.32,9.11,9.23,9.01,9.25,8.7
T2M,2006,-12.25,-73.75,17.07,17.67,17.65,17.72,17.17,17.93,18.22,18.84,19.31,19.8,19.0,18.68,18.26
T2M,2006,-12.25,-74.25,14.71,15.33,15.31,15.25,14.43,15.26,15.23,15.7,16.42,16.74,16.41,16.26,15.59
T2M,2006,-12.25,-74.75,10.28,10.92,10.95,10.73,9.69,10.27,9.71,10.31,11.18,11.53,11.46,11.71,10.73
T2M,2006,-12.25,-75.25,7.28,8.0,8.01,7.75,6.65,6.85,5.98,6.77,7.66,8.11,8.01,8.46,7.45
T2M,2006,-12.25,-75.75,7.69,8.51,8.42,8.3,7.29,7.17,6.38,7.27,8.06,8.43,8.16,8.56,7.85
T2M,2006,-12.25,-76.25,11.94,12.77,12.67,12.73,11.86,11.71,11.27,12.13,12.63,12.4,12.3,12.64,12.25
T2M,2007,-10.75,-73.75,25.9,25.78,24.33,24.99,24.4,26.09,25.85,27.36,28.58,27.24,27.01,25.9,26.12
T2M,2007,-10.75,-74.25,24.01,23.82,22.68,23.49,23.05,24.32,23.76,25.1,26.11,25.12,24.67,23.88,24.17
T2M,2007,-10.75,-74.75,22.66,22.55,21.61,22.49,22.14,23.09,22.44,23.74,24.63,23.69,23.14,22.38,22.88
T2M,2007,-10.75,-75.25,18.59,18.5,17.73,18.31,18.0,18.29,17.71,18.91,19.58,19.17,18.73,18.19,18.47
T2M,2007,-10.75,-75.75,12.21,11.98,11.39,11.41,11.16,10.52,10.16,11.12,11.53,12.04,11.85,11.69,11.42
T2M,2007,-10.75,-76.25,7.56,7.15,6.67,6.38,6.43,5.11,5.14,5.86,6.15,6.97,7.02,6.87,6.44
T2M,2007,-11.25,-73.75,23.99,23.89,22.64,23.45,23.12,24.37,23.89,25.45,26.4,25.42,25.22,23.99,24.32
T2M,2007,-11.25,-74.25,22.08,21.98,20.92,21.81,21.55,22.47,21.68,23.12,23.95,23.32,22.97,22.08,22.33
T2M,2007,-11.25,-74.75,17.98,17.81,17.08,17.68,17.45,17.94,17.04,18.35,19.02,18.74,18.38,17.77,17.93
T2M,2007,-11.25,-75.25,13.74,13.56,12.96,13.12,12.87,12.68,11.98,13.11,13.62,13.86,13.58,13.31,13.19
T2M,2007,-11.25,-75.75,10.29,10.1,9.51,9.3,9.07,8.08,7.83,8.75,9.14,9.88,9.74,9.69,9.28
T2M,2007,-11.25,-76.25,7.51,7.02,6.77,6.52,6.56,4.99,5.26,6.02,6.33,6.96,7.05,6.73,6.48
T2M,2007,-11.75,-73.75,21.3,21.15,20.21,21.01,21.11,21.75,20.95,22.53,23.19,22.56,22.42,21.19,21.61
T2M,2007,-11.75,-74.25,19.11,18.95,18.11,18.79,18.71,19.3,18.29,19.84,20.42,20.09,19.87,19.02,19.2
T2M,2007,-11.75,-74.75,13.84,13.54,12.89,13.03,12.99,13.14,12.11,13.43,13.88,14.02,13.87,13.47,13.35
T2M,2007,-11.75,-75.25,9.96,9.64,9.08,8.81,8.77,8.35,7.51,8.58,8.98,9.54,9.48,9.36,9.0
T2M,2007,-11.75,-75.75,8.99,8.71,8.2,7.91,7.8,6.88,6.38,7.25,7.73,8.41,8.42,8.24,7.91
T2M,2007,-11.75,-76.25,9.45,8.91,8.82,8.85,8.76,7.53,7.51,8.17,8.75,9.02,9.13,8.35,8.6
T2M,2007,-12.25,-73.75,18.41,18.19,17.37,17.9,18.14,18.46,17.44,19.01,19.38,19.18,19.21,18.2,18.4
T2M,2007,-12.25,-74.25,15.97,15.74,14.96,15.22,15.2,15.54,14.37,15.99,16.3,16.42,16.31,15.71,15.64
T2M,2007,-12.25,-74.75,11.45,11.1,10.47,10.25,10.29,10.16,9.19,10.56,10.79,11.26,11.23,11.02,10.64
T2M,2007,-12.25,-75.25,8.36,7.92,7.43,6.99,7.11,6.61,5.72,6.84,7.15,7.77,7.87,7.74,7.29
T2M,2007,-12.25,-75.75,8.74,8.26,7.93,7.69,7.67,7.05,6.14,7.04,7.6,8.04,8.23,7.81,7.68
T2M,2007,-12.25,-76.25,13.15,12.56,12.61,12.79,12.31,11.64,11.0,11.42,12.31,12.17,12.4,11.5,12.15
T2M,2008,-10.75,-73.75,24.75,24.37,23.74,23.79,23.99,23.52,25.58,27.68,27.1,26.27,26.66,26.16,25.3
T2M,2008,-10.75,-74.25,22.7,22.37,21.92,22.19,22.65,22.13,23.71,25.45,24.8,24.17,24.64,24.26,23.42
T2M,2008,-10.75,-74.75,21.37,21.12,20.97,21.21,21.68,21.03,22.36,23.86,23.22,22.86,23.32,22.91,22.17
T2M,2008,-10.75,-75.25,17.55,17.35,17.25,17.48,17.5,16.87,17.73,19.03,18.51,18.65,19.15,18.66,17.98
T2M,2008,-10.75,-75.75,11.48,11.25,10.96,11.26,10.63,10.16,10.36,11.53,11.18,11.89,12.51,11.96,11.26
T2M,2008,-10.75,-76.25,6.83,6.55,6.15,6.44,5.73,5.25,5.12,6.33,6.14,6.98,7.69,7.23,6.37
T2M,2008,-11.25,-73.75,22.95,22.81,22.17,22.59,22.77,22.56,24.12,25.87,25.51,24.65,25.1,24.22,23.78
T2M,2008,-11.25,-74.25,21.05,20.86,20.43,20.97,21.16,20.92,22.12,23.61,23.23,22.55,23.12,22.38,21.87
T2M,2008,-11.25,-74.75,17.04,16.87,16.6,17.09,17.08,16.71,17.51,18.74,18.42,18.19,18.84,18.02,17.6
T2M,2008,-11.25,-75.25,12.89,12.74,12.49,12.86,12.44,11.92,12.36,13.56,13.25,13.6,14.27,13.54,13.0
T2M,2008,-11.25,-75.75,9.49,9.33,9.0,9.28,8.49,7.9,8.05,9.35,9.06,9.86,10.5,9.95,9.19
T2M,2008,-11.25,-76.25,6.61,6.43,6.08,6.43,5.84,5.38,5.22,6.36,6.32,7.14,7.69,6.96,6.37
T2M,2008,-11.75,-73.75,20.26,20.24,19.81,20.56,20.67,20.75,21.59,22.94,22.96,22.2,22.64,21.54,21.35
T2M,2008,-11.75,-74.25,18.18,18.11,17.73,18.4,18.37,18.39,19.1,20.29,20.24,19.72,20.33,19.34,19.02
T2M,2008,-11.75,-74.75,13.02,12.88,12.31,13.03,12.65,12.46,12.95,14.03,13.89,13.87,14.51,13.7,13.28
T2M,2008,-11.75,-75.25,9.18,9.04,8.44,9.06,8.36,7.9,8.19,9.36,9.13,9.57,10.2,9.6,9.0
T2M,2008,-11.75,-75.75,8.09,8.02,7.62,8.07,7.28,6.6,6.73,8.06,7.88,8.54,9.11,8.53,7.88
T2M,2008,-11.75,-76.25,8.23,8.21,8.04,8.62,8.14,7.46,7.35,8.56,8.74,9.28,9.62,8.55,8.4
T2M,2008,-12.25,-73.75,17.33,17.33,17.01,17.66,17.63,17.83,18.27,19.41,19.57,19.17,19.62,18.55,18.28
T2M,2008,-12.25,-74.25,15.01,14.96,14.55,15.07,14.89,14.99,15.43,16.5,16.52,16.34,16.92,16.04,15.6
T2M,2008,-12.25,-74.75,10.64,10.5,9.74,10.45,10.0,9.8,10.22,11.29,11.13,11.29,11.9,11.37,10.69
T2M,2008,-12.25,-75.25,7.56,7.41,6.6,7.4,6.74,6.26,6.63,7.77,7.52,7.89,8.5,8.05,7.36
T2M,2008,-12.25,-75.75,7.73,7.69,7.25,7.91,7.2,6.54,6.76,7.95,7.84,8.2,8.74,8.05,7.65
T2M,2008,-12.25,-76.25,11.74,11.88,11.86,12.4,11.75,10.97,10.86,11.9,12.23,12.46,12.74,11.74,11.87
T2M,2009,-10.75,-73.75,25.11,24.7,24.0,24.25,24.46,24.4,25.88,27.58,28.08,27.98,27.67,26.89,25.92
T2M,2009,-10.75,-74.25,23.25,22.85,22.29,22.4,22.67,22.85,23.91,25.36,25.93,25.64,25.54,24.63,23.95
T2M,2009,-10.75,-74.75,21.92,21.53,21.28,21.39,21.55,21.69,22.53,23.9,24.56,24.04,24.17,23.09,22.64
T2M,2009,-10.75,-75.25,17.88,17.7,17.52,17.56,17.59,17.44,17.93,19.12,19.76,19.59,19.91,18.86,18.41
T2M,2009,-10.75,-75.75,11.49,11.64,11.32,11.22,11.12,10.65,10.61,11.62,12.17,12.62,13.12,12.27,11.65
T2M,2009,-10.75,-76.25,6.8,6.93,6.73,6.67,6.24,5.83,5.4,6.64,7.25,7.41,8.24,7.4,6.8
T2M,2009,-11.25,-73.75,23.53,23.03,22.58,23.18,23.39,23.12,24.26,25.76,26.26,26.14,25.51,24.4,24.27
T2M,2009,-11.25,-74.25,21.69,21.25,20.82,21.24,21.5,21.35,22.17,23.46,24.05,23.94,23.56,22.39,22.29
T2M,2009,-11.25,-74.75,17.53,17.19,16.97,17.29,17.27,17.03,17.48,18.62,19.28,19.27,19.18,18.11,17.94
T2M,2009,-11.25,-75.25,13.13,13.03,12.84,12.98,12.75,12.28,12.45,13.47,14.09,14.4,14.64,13.74,13.32
T2M,2009,-11.25,-75.75,9.54,9.66,9.36,9.34,9.06,8.38,8.4,9.36,9.88,10.48,11.01,10.18,9.55
T2M,2009,-11.25,-76.25,6.69,6.7,6.59,6.75,6.35,5.74,5.69,6.77,7.35,7.54,8.15,7.05,6.78
T2M,2009,-11.75,-73.75,21.1,20.57,20.4,21.16,21.35,20.89,21.6,22.89,23.55,23.48,22.62,21.39,21.76
T2M,2009,-11.75,-74.25,18.86,18.46,18.2,18.74,18.93,18.51,19.08,20.18,20.88,21.01,20.41,19.23,19.38
T2M,2009,-11.75,-74.75,13.35,13.2,12.99,13.29,13.09,12.59,12.84,13.85,14.58,14.83,14.71,13.75,13.59
T2M,2009,-11.75,-75.25,9.3,9.31,9.12,9.29,8.76,8.12,8.14,9.13,9.87,10.24,10.49,9.67,9.29
T2M,2009,-11.75,-75.75,8.25,8.25,8.06,8.28,7.69,6.97,6.94,7.93,8.67,9.1,9.4,8.59,8.18
T2M,2009,-11.75,-76.25,8.59,8.43,8.42,8.94,8.5,7.86,7.96,8.89,9.59,9.81,9.84,8.95,8.81
T2M,2009,-12.25,-73.75,18.24,17.8,17.66,18.28,18.41,17.87,18.23,19.36,20.12,20.22,19.49,18.45,18.68
T2M,2009,-12.25,-74.25,15.62,15.33,15.16,15.51,15.51,14.96,15.28,16.32,17.07,17.39,16.93,15.95,15.92
T2M,2009,-12.25,-74.75,10.97,10.84,10.68,10.78,10.49,9.88,10.07,11.06,11.82,12.1,12.17,11.19,11.0
T2M,2009,-12.25,-75.25,7.76,7.72,7.57,7.69,7.11,6.49,6.49,7.48,8.33,8.5,8.75,7.85,7.64
T2M,2009,-12.25,-75.75,8.02,7.95,7.84,8.21,7.5,6.91,6.77,7.74,8.68,8.8,8.78,8.07,7.93
T2M,2009,-12.25,-76.25,12.23,12.13,12.19,12.72,12.18,11.5,11.5,12.24,13.01,13.2,12.87,12.44,12.35
T2M,2010,-10.75,-73.75,26.56,25.87,25.61,26.24,25.95,26.48,26.23,27.67,29.26,28.44,27.14,25.36,26.74
T2M,2010,-10.75,-74.25,24.53,23.86,23.93,24.57,24.23,24.53,24.33,25.46,26.91,26.24,25.14,23.39,24.76
T2M,2010,-10.75,-74.75,23.28,22.5,22.75,23.39,23.06,23.25,22.94,23.99,25.34,24.89,23.89,22.06,23.45
T2M,2010,-10.75,-75.25,19.16,18.67,18.85,19.19,18.82,18.58,18.34,18.94,20.23,20.07,19.45,18.14,19.03
T2M,2010,-10.75,-75.75,12.51,12.61,12.55,12.48,12.04,11.12,11.16,10.91,12.19,12.33,12.3,11.85,12.0
T2M,2010,-10.75,-76.25,7.69,7.98,7.73,7.85,7.39,6.08,6.37,5.48,6.84,7.18,7.41,6.88,7.06
T2M,2010,-11.25,-73.75,24.32,24.05,24.15,24.65,24.42,24.68,24.51,25.64,26.93,26.12,25.32,23.51,24.86
T2M,2010,-11.25,-74.25,22.39,22.17,22.45,22.95,22.62,22.69,22.57,23.38,24.6,23.99,23.44,21.64,22.91
T2M,2010,-11.25,-74.75,18.24,18.18,18.42,18.78,18.34,18.19,18.01,18.51,19.62,19.29,18.98,17.5,18.5
T2M,2010,-11.25,-75.25,13.95,14.06,14.12,14.19,13.74,13.15,12.98,13.05,14.23,14.16,14.2,13.26,13.75
T2M,2010,-11.25,-75.75,10.46,10.73,10.6,10.43,10.02,8.92,8.89,8.39,9.84,9.94,10.27,9.78,9.85
T2M,2010,-11.25,-76.25,7.57,8.03,7.9,7.98,7.48,6.22,6.4,5.37,6.94,7.11,7.26,6.63,7.06
T2M,2010,-11.75,-73.75,21.49,21.58,21.84,22.26,21.96,21.94,21.92,22.7,23.57,23.04,22.65,20.99,22.16
T2M,2010,-11.75,-74.25,19.3,19.44,19.7,20.07,19.65,19.59,19.48,20.05,20.94,20.47,20.4,18.84,19.83
T2M,2010,-11.75,-74.75,13.84,14.22,14.28,14.51,13.97,13.65,13.5,13.53,14.47,14.22,14.57,13.45,14.02
T2M,2010,-11.75,-75.25,9.85,10.35,10.25,10.28,9.74,9.06,8.9,8.52,9.66,9.59,10.16,9.42,9.64
T2M,2010,-11.75,-75.75,8.92,9.4,9.28,9.16,8.68,7.68,7.55,7.05,8.44,8.44,8.87,8.25,8.47
T2M,2010,-11.75,-76.25,9.5,10.06,10.03,10.03,9.48,8.33,8.26,7.82,9.23,9.17,9.02,8.33,9.1
T2M,2010,-12.25,-73.75,18.52,18.74,18.99,19.29,18.79,18.73,18.64,19.21,19.78,19.61,19.6,18.14,19.0
T2M,2010,-12.25,-74.25,16.02,16.27,16.45,16.67,16.07,15.99,15.77,16.17,16.84,16.5,16.95,15.71,16.28
T2M,2010,-12.25,-74.75,11.31,11.83,11.78,11.95,11.33,11.0,10.79,10.55,11.48,11.23,11.99,11.15,11.36
T2M,2010,-12.25,-75.25,8.08,8.78,8.62,8.7,8.11,7.55,7.36,6.78,7.87,7.76,8.43,7.81,7.98
T2M,2010,-12.25,-75.75,8.45,9.17,9.09,9.02,8.43,7.72,7.44,7.13,8.17,8.13,8.33,7.73,8.23
T2M,2010,-12.25,-76.25,13.05,13.76,13.81,13.52,12.85,11.88,11.34,11.67,12.51,12.42,12.04,11.59,12.53
T2M,2011,-10.75,-73.75,24.9,23.68,23.63,24.09,23.81,24.49,24.81,27.05,27.17,26.23,26.23,25.05,25.1
T2M,2011,-10.75,-74.25,23.01,22.02,21.91,22.59,22.51,22.92,22.93,24.96,24.9,24.09,24.26,23.02,23.27
T2M,2011,-10.75,-74.75,21.84,20.96,20.94,21.82,21.83,21.8,21.83,23.67,23.46,22.64,22.98,21.69,22.12
T2M,2011,-10.75,-75.25,17.96,17.33,17.38,18.0,17.86,17.59,17.53,18.94,18.88,18.41,18.99,17.86,18.06
T2M,2011,-10.75,-75.75,11.58,11.32,11.38,11.45,11.06,10.8,10.45,11.34,11.6,11.73,12.56,11.69,11.41
T2M,2011,-10.75,-76.25,6.53,6.44,6.61,6.62,6.25,5.89,5.37,6.15,6.5,6.78,7.53,6.73,6.45
T2M,2011,-11.25,-73.75,23.05,22.12,21.81,22.46,22.45,23.21,23.16,25.08,25.38,24.53,24.49,23.48,23.44
T2M,2011,-11.25,-74.25,21.21,20.42,20.11,20.88,20.93,21.48,21.15,22.99,23.17,22.46,22.67,21.6,21.6
T2M,2011,-11.25,-74.75,17.19,16.58,16.44,17.17,17.12,17.22,16.86,18.35,18.5,17.99,18.58,17.51,17.46
T2M,2011,-11.25,-75.25,13.02,12.59,12.58,13.01,12.73,12.51,12.07,13.26,13.48,13.33,14.2,13.22,13.0
T2M,2011,-11.25,-75.75,9.53,9.24,9.3,9.4,8.92,8.61,8.02,9.07,9.37,9.61,10.52,9.67,9.27
T2M,2011,-11.25,-76.25,6.39,6.12,6.34,6.6,6.3,5.96,5.38,6.41,6.64,6.88,7.49,6.71,6.44
T2M,2011,-11.75,-73.75,20.6,19.82,19.38,20.04,20.26,21.0,20.53,22.15,22.6,21.98,21.99,21.0,20.95
T2M,2011,-11.75,-74.25,18.46,17.78,17.4,17.99,18.03,18.57,18.07,19.7,20.02,19.54,19.84,18.88,18.69
T2M,2011,-11.75,-74.75,13.11,12.59,12.38,12.73,12.53,12.74,12.18,13.54,13.78,13.52,14.29,13.46,13.07
T2M,2011,-11.75,-75.25,9.08,8.7,8.69,8.92,8.46,8.35,7.67,8.89,9.13,9.14,10.14,9.34,8.88
T2M,2011,-11.75,-75.75,7.91,7.62,7.73,8.11,7.53,7.19,6.43,7.69,8.03,8.11,9.03,8.17,7.8
T2M,2011,-11.75,-76.25,8.14,7.9,7.97,8.72,8.44,7.94,7.4,8.62,9.11,8.76,9.47,8.64,8.43
T2M,2011,-12.25,-73.75,17.88,17.13,16.73,17.26,17.29,17.81,17.26,18.72,19.17,18.89,19.06,18.1,17.94
T2M,2011,-12.25,-74.25,15.42,14.85,14.43,14.75,14.54,14.9,14.41,15.83,16.14,15.99,16.55,15.59,15.28
T2M,2011,-12.25,-74.75,10.79,10.28,10.07,10.08,9.71,9.87,9.36,10.72,10.87,10.82,11.72,10.98,10.44
T2M,2011,-12.25,-75.25,7.44,7.03,7.01,7.13,6.6,6.52,5.9,7.27,7.41,7.41,8.42,7.67,7.15
T2M,2011,-12.25,-75.75,7.47,7.24,7.27,7.9,7.27,6.91,6.22,7.58,7.94,7.74,8.64,7.77,7.5
T2M,2011,-12.25,-76.25,11.72,11.65,11.56,12.49,12.07,11.37,10.85,12.03,12.76,11.75,12.55,12.09,11.9
T2M,2012,-10.75,-73.75,25.24,24.06,23.94,24.57,25.28,25.06,26.08,27.76,27.89,27.13,27.35,25.41,25.82
T2M,2012,-10.75,-74.25,23.18,22.08,22.1,22.72,23.54,23.16,24.05,25.35,25.52,24.84,25.06,23.36,23.75
T2M,2012,-10.75,-74.75,21.69,20.86,21.09,21.44,22.25,21.81,22.61,23.8,24.22,23.26,23.59,22.08,22.4
T2M,2012,-10.75,-75.25,17.8,17.27,17.41,17.51,18.0,17.46,17.78,18.83,19.46,18.82,19.37,18.23,18.16
T2M,2012,-10.75,-75.75,11.76,11.43,11.33,11.23,11.26,10.51,10.13,10.98,11.69,11.94,12.66,12.02,11.41
T2M,2012,-10.75,-76.25,6.96,6.77,6.88,6.42,6.37,5.36,4.81,5.62,6.37,7.03,7.61,7.23,6.45
T2M,2012,-11.25,-73.75,23.46,22.1,22.2,22.87,23.68,23.44,24.17,25.47,25.67,25.36,25.15,23.25,23.91
T2M,2012,-11.25,-74.25,21.53,20.24,20.42,21.04,21.84,21.5,22.11,23.2,23.42,23.22,23.09,21.37,21.92
T2M,2012,-11.25,-74.75,17.36,16.41,16.66,16.91,17.53,17.01,17.42,18.4,18.82,18.64,18.72,17.4,17.61
T2M,2012,-11.25,-75.25,13.14,12.61,12.69,12.61,12.9,12.18,12.14,13.03,13.7,13.83,14.18,13.36,13.03
T2M,2012,-11.25,-75.75,9.74,9.51,9.41,9.13,9.13,8.24,7.71,8.51,9.35,9.97,10.48,10.03,9.26
T2M,2012,-11.25,-76.25,6.71,6.4,6.88,6.34,6.34,5.47,4.88,5.72,6.44,7.25,7.5,6.98,6.41
T2M,2012,-11.75,-73.75,20.86,19.58,19.78,20.32,21.12,20.92,21.26,22.35,22.71,22.72,22.23,20.48,21.2
T2M,2012,-11.75,-74.25,18.66,17.53,17.7,18.13,18.71,18.45,18.77,19.76,20.18,20.26,19.96,18.41,18.88
T2M,2012,-11.75,-74.75,13.29,12.4,12.59,12.63,12.93,12.34,12.51,13.41,13.9,14.23,14.22,13.26,13.15
T2M,2012,-11.75,-75.25,9.33,8.76,8.91,8.61,8.73,7.8,7.67,8.48,9.2,9.79,9.94,9.46,8.89
T2M,2012,-11.75,-75.75,8.27,7.93,8.16,7.71,7.8,6.73,6.31,7.03,8.0,8.7,8.84,8.47,7.83
T2M,2012,-11.75,-76.25,8.51,8.03,8.92,8.4,8.59,7.71,7.28,7.98,8.9,9.34,9.42,8.75,8.49
T2M,2012,-12.25,-73.75,17.99,16.9,16.98,17.33,17.88,17.64,17.8,18.82,19.32,19.55,19.14,17.66,18.09
T2M,2012,-12.25,-74.25,15.47,14.56,14.53,14.76,15.0,14.68,14.81,15.8,16.39,16.67,16.54,15.33,15.38
T2M,2012,-12.25,-74.75,10.91,10.07,10.16,10.09,10.09,9.45,9.48,10.4,10.96,11.57,11.58,10.9,10.47
T2M,2012,-12.25,-75.25,7.68,6.97,7.31,6.98,6.98,6.0,5.91,6.71,7.38,8.13,8.15,7.74,7.16
T2M,2012,-12.25,-75.75,7.81,7.32,8.01,7.54,7.68,6.55,6.38,7.0,7.92,8.4,8.39,7.9,7.58
T2M,2012,-12.25,-76.25,12.04,11.69,12.87,12.29,12.37,11.48,11.26,11.68,12.77,12.59,12.71,12.09,12.15
T2M,2013,-10.75,-73.75,26.56,25.9,26.15,26.0,25.64,25.43,25.83,26.46,28.62,27.21,26.27,26.24,26.36
T2M,2013,-10.75,-74.25,24.38,23.62,23.96,23.91,23.76,23.25,23.61,24.29,26.08,24.98,24.26,24.03,24.18
T2M,2013,-10.75,-74.75,22.94,22.06,22.37,22.38,22.36,21.81,22.14,22.88,24.43,23.31,22.59,22.43,22.64
T2M,2013,-10.75,-75.25,18.88,18.09,18.3,18.07,18.1,17.4,17.33,18.1,19.48,18.8,18.37,18.27,18.27
T2M,2013,-10.75,-75.75,12.43,11.94,12.0,11.41,11.47,10.45,9.7,10.55,11.78,11.9,11.98,11.87,11.45
T2M,2013,-10.75,-76.25,7.43,7.21,7.05,6.56,6.69,5.51,4.34,5.57,6.55,6.82,7.14,6.96,6.48
T2M,2013,-11.25,-73.75,24.41,23.76,24.17,24.46,24.15,23.85,24.06,24.47,26.53,25.48,24.62,24.15,24.51
T2M,2013,-11.25,-74.25,22.43,21.77,22.19,22.47,22.28,21.66,21.85,22.31,24.13,23.39,22.74,22.12,22.45
T2M,2013,-11.25,-74.75,18.17,17.58,17.94,18.07,17.89,17.11,17.11,17.7,19.18,18.67,18.29,17.79,17.96
T2M,2013,-11.25,-75.25,13.77,13.36,13.6,13.37,13.2,12.31,11.81,12.57,13.88,13.73,13.7,13.35,13.22
T2M,2013,-11.25,-75.75,10.19,10.01,10.1,9.53,9.45,8.46,7.33,8.34,9.57,9.79,10.08,9.82,9.38
T2M,2013,-11.25,-76.25,7.28,7.13,7.01,6.77,6.89,5.89,4.51,5.83,6.78,6.91,7.28,6.96,6.6
T2M,2013,-11.75,-73.75,21.37,20.84,21.3,21.89,21.8,21.23,21.26,21.63,23.44,22.7,22.14,21.31,21.74
T2M,2013,-11.75,-74.25,19.11,18.7,19.14,19.56,19.52,18.67,18.66,19.05,20.71,20.26,19.94,19.08,19.37
T2M,2013,-11.75,-74.75,13.52,13.36,13.73,13.73,13.68,12.68,12.3,12.9,14.31,14.15,14.19,13.46,13.5
T2M,2013,-11.75,-75.25,9.42,9.48,9.73,9.43,9.28,8.23,7.39,8.23,9.52,9.6,9.89,9.32,9.12
T2M,2013,-11.75,-75.75,8.48,8.55,8.69,8.45,8.15,7.15,5.97,7.02,8.28,8.46,8.75,8.34,8.02
T2M,2013,-11.75,-76.25,9.28,8.9,9.08,9.25,8.9,8.12,6.98,8.12,9.14,9.26,9.23,8.98,8.76
T2M,2013,-12.25,-73.75,18.11,17.83,18.28,18.8,18.65,17.85,17.83,18.22,19.8,19.38,19.3,18.42,18.54
T2M,2013,-12.25,-74.25,15.45,15.4,15.79,16.07,16.05,15.03,14.79,15.25,16.68,16.46,16.76,15.85,15.8
T2M,2013,-12.25,-74.75,10.67,10.9,11.18,11.05,11.09,10.05,9.37,10.08,11.39,11.3,11.86,11.04,10.83
T2M,2013,-12.25,-75.25,7.52,7.86,7.98,7.81,7.68,6.63,5.7,6.62,7.86,7.89,8.41,7.71,7.47
T2M,2013,-12.25,-75.75,8.14,8.25,8.35,8.45,7.94,6.94,6.09,7.02,8.2,8.33,8.49,8.01,7.84
T2M,2013,-12.25,-76.25,13.05,12.54,13.03,13.09,12.21,11.58,11.04,11.69,12.68,12.85,12.42,12.49,12.39
T2M,2014,-10.75,-73.75,25.76,26.05,25.73,26.9,26.59,26.87,26.58,27.55,28.85,28.54,26.04,25.47,26.74
T2M,2014,-10.75,-74.25,23.87,24.03,23.73,24.94,24.53,24.65,24.23,25.11,26.18,26.1,23.89,23.51,24.57
T2M,2014,-10.75,-74.75,22.38,22.41,22.17,23.36,22.82,23.03,22.58,23.61,24.51,24.41,22.3,22.02,22.97
T2M,2014,-10.75,-75.25,18.21,18.25,18.11,18.77,18.38,18.43,17.91,18.61,19.56,19.55,18.25,18.12,18.51
T2M,2014,-10.75,-75.75,11.73,11.92,11.82,11.75,11.6,11.28,10.68,10.64,11.84,12.04,12.01,12.1,11.61
T2M,2014,-10.75,-76.25,6.74,7.03,6.87,6.86,6.45,5.96,5.6,5.23,6.62,6.78,7.16,7.33,6.55
T2M,2014,-11.25,-73.75,23.63,23.83,23.75,24.66,24.74,25.15,24.57,25.35,26.33,26.5,24.51,23.81,24.74
T2M,2014,-11.25,-74.25,21.83,21.99,21.92,22.85,22.79,23.03,22.31,23.0,23.92,24.26,22.53,21.99,22.7
T2M,2014,-11.25,-74.75,17.67,17.73,17.75,18.43,18.2,18.34,17.56,18.16,19.12,19.46,18.24,17.86,18.21
T2M,2014,-11.25,-75.25,13.33,13.43,13.45,13.63,13.43,13.21,12.56,12.77,13.88,14.23,13.77,13.65,13.44
T2M,2014,-11.25,-75.75,9.75,10.04,9.91,9.74,9.66,8.99,8.56,8.24,9.51,9.92,10.17,10.28,9.56
T2M,2014,-11.25,-76.25,6.69,7.01,6.78,7.08,6.75,6.28,5.9,5.41,6.68,7.09,7.34,7.37,6.7
T2M,2014,-11.75,-73.75,20.78,20.98,20.95,21.66,21.92,22.39,21.67,22.26,22.94,23.47,22.12,21.37,21.88
T2M,2014,-11.75,-74.25,18.65,18.84,18.85,19.42,19.53,19.99,19.07,19.63,20.31,20.99,19.86,19.22,19.53
T2M,2014,-11.75,-74.75,13.3,13.44,13.5,13.72,13.56,13.83,12.95,13.21,14.11,14.67,14.22,13.93,13.7
T2M,2014,-11.75,-75.25,9.33,9.51,9.57,9.47,9.21,9.02,8.33,8.23,9.39,9.87,10.07,9.97,9.33
T2M,2014,-11.75,-75.75,8.3,8.59,8.53,8.47,8.22,7.58,7.13,6.81,8.07,8.61,9.02,8.89,8.18
T2M,2014,-11.75,-76.25,8.67,8.97,8.66,9.41,8.83,8.43,8.22,7.92,8.96,9.55,9.46,9.33,8.87
T2M,2014,-12.25,-73.75,17.87,18.02,18.01,18.49,18.62,19.08,18.27,18.7,19.3,20.0,19.35,18.64,18.7
T2M,2014,-12.25,-74.25,15.41,15.58,15.55,15.75,15.7,16.24,15.22,15.76,16.21,17.18,16.7,16.16,15.95
T2M,2014,-12.25,-74.75,10.79,10.93,10.99,10.89,10.69,10.99,10.14,10.32,11.03,11.78,11.8,11.64,11.0
T2M,2014,-12.25,-75.25,7.61,7.75,7.83,7.71,7.39,7.4,6.65,6.53,7.53,8.09,8.52,8.38,7.61
T2M,2014,-12.25,-75.75,7.96,8.15,8.12,8.34,7.79,7.66,6.97,6.82,7.88,8.44,8.82,8.45,7.95
T2M,2014,-12.25,-76.25,12.42,12.69,12.39,13.23,12.12,12.04,11.95,11.92,12.62,13.17,12.78,12.76,12.51
T2M,2015,-10.75,-73.75,24.77,23.94,24.47,24.08,24.83,25.3,26.3,28.26,29.22,29.1,26.74,25.83,26.08
T2M,2015,-10.75,-74.25,23.24,22.54,23.08,22.95,23.4,23.69,24.21,25.9,26.59,26.95,24.97,24.22,24.33
T2M,2015,-10.75,-74.75,22.06,21.39,22.0,22.04,22.06,22.39,22.6,24.23,24.81,25.39,23.59,22.99,22.97
T2M,2015,-10.75,-75.25,17.99,17.61,18.01,17.89,17.8,17.88,17.88,19.23,19.9,20.42,19.43,18.93,18.58
T2M,2015,-10.75,-75.75,11.5,11.55,11.55,11.1,11.14,10.7,10.55,11.42,12.37,12.68,12.85,12.41,11.65
T2M,2015,-10.75,-76.25,6.73,6.78,6.68,6.4,6.14,5.39,5.2,5.9,7.23,7.46,7.81,7.39,6.59
T2M,2015,-11.25,-73.75,23.03,22.29,22.79,22.62,23.35,23.71,24.34,26.17,26.95,27.07,24.92,24.02,24.28
T2M,2015,-11.25,-74.25,21.45,20.83,21.31,21.29,21.82,22.05,22.35,23.91,24.51,24.99,23.22,22.46,22.53
T2M,2015,-11.25,-74.75,17.49,17.03,17.48,17.38,17.58,17.72,17.75,18.98,19.55,20.14,18.99,18.43,18.22
T2M,2015,-11.25,-75.25,13.14,13.05,13.22,12.89,12.96,12.75,12.59,13.58,14.33,14.81,14.5,14.02,13.49
T2M,2015,-11.25,-75.75,9.51,9.79,9.61,9.1,9.24,8.51,8.25,9.13,10.16,10.44,10.83,10.37,9.57
T2M,2015,-11.25,-76.25,6.76,6.87,6.86,6.63,6.56,5.73,5.43,6.23,7.46,7.65,7.89,7.68,6.81
T2M,2015,-11.75,-73.75,20.62,20.11,20.44,20.45,21.14,21.39,21.57,23.14,23.84,24.06,22.45,21.7,21.75
T2M,2015,-11.75,-74.25,18.51,18.1,18.34,18.34,18.96,19.18,19.2,20.49,21.12,21.54,20.27,19.61,19.48
T2M,2015,-11.75,-74.75,13.26,13.0,13.18,12.97,13.27,13.31,13.14,14.02,14.73,15.16,14.68,14.13,13.74
T2M,2015,-11.75,-75.25,9.26,9.29,9.31,8.88,8.96,8.66,8.36,9.06,9.98,10.36,10.5,9.98,9.38
T2M,2015,-11.75,-75.75,8.15,8.4,8.29,7.85,7.89,7.25,6.88,7.67,8.8,9.13,9.43,9.0,8.23
T2M,2015,-11.75,-76.25,8.85,8.76,8.88,8.93,8.86,8.24,7.79,8.69,9.8,10.03,10.03,10.14,9.08
T2M,2015,-12.25,-73.75,17.8,17.51,17.69,17.63,18.14,18.35,18.28,19.46,20.21,20.42,19.52,18.88,18.67
T2M,2015,-12.25,-74.25,15.18,15.07,15.05,14.93,15.44,15.63,15.44,16.33,17.15,17.5,16.85,16.2,15.9
T2M,2015,-12.25,-74.75,10.7,10.7,10.64,10.31,10.59,10.57,10.35,10.94,11.86,12.19,12.07,11.41,11.03
T2M,2015,-12.25,-75.25,7.57,7.64,7.63,7.16,7.24,7.04,6.73,7.22,8.28,8.63,8.75,8.25,7.68
T2M,2015,-12.25,-75.75,7.88,7.95,8.01,7.69,7.63,7.36,6.89,7.51,8.61,9.03,9.0,8.94,8.04
T2M,2015,-12.25,-76.25,12.6,12.44,12.63,12.91,12.54,12.31,11.74,12.47,13.37,13.63,13.47,14.15,12.85
T2M,2016,-10.75,-73.75,25.84,24.44,24.96,25.58,25.85,25.28,26.76,27.54,27.5,27.82,27.07,25.48,26.19
T2M,2016,-10.75,-74.25,24.55,22.81,23.27,24.16,24.32,23.49,24.79,25.39,25.25,25.82,25.22,23.79,24.41
T2M,2016,-10.75,-74.75,23.43,21.59,22.06,22.92,22.87,21.99,23.36,23.88,23.96,24.51,23.76,22.34,23.06
T2M,2016,-10.75,-75.25,19.39,18.02,18.35,18.72,18.43,17.32,18.29,18.87,19.25,19.73,19.27,18.25,18.66
T2M,2016,-10.75,-75.75,12.87,12.28,12.37,12.12,11.69,10.06,10.2,11.02,11.65,12.08,12.3,11.94,11.71
T2M,2016,-10.75,-76.25,7.83,7.54,7.57,7.3,7.05,4.86,4.51,5.89,6.53,6.96,7.44,7.14,6.71
T2M,2016,-11.25,-73.75,24.55,22.97,23.66,24.24,24.3,23.69,24.94,25.57,25.45,25.71,25.55,23.87,24.55
T2M,2016,-11.25,-74.25,23.19,21.45,22.03,22.82,22.79,21.91,22.91,23.42,23.29,23.78,23.66,22.26,22.8
T2M,2016,-11.25,-74.75,19.14,17.71,18.23,18.74,18.45,17.34,18.14,18.58,18.76,19.2,18.97,18.08,18.45
T2M,2016,-11.25,-75.25,14.64,13.78,14.11,14.14,13.69,12.21,12.56,13.21,13.75,14.08,14.01,13.63,13.65
T2M,2016,-11.25,-75.75,10.86,10.58,10.65,10.31,9.89,7.98,7.73,8.83,9.55,9.8,10.14,10.02,9.69
T2M,2016,-11.25,-76.25,7.99,7.9,7.97,7.75,7.46,5.33,4.85,6.27,6.82,7.04,7.52,7.16,7.0
T2M,2016,-11.75,-73.75,22.66,20.96,21.69,22.17,22.15,21.33,22.16,22.69,22.68,22.78,23.21,21.55,22.17
T2M,2016,-11.75,-74.25,20.57,19.03,19.6,20.11,19.99,19.04,19.69,20.07,20.14,20.4,20.66,19.52,19.9
T2M,2016,-11.75,-74.75,14.9,14.12,14.51,14.65,14.3,12.93,13.29,13.71,14.07,14.24,14.37,14.07,14.1
T2M,2016,-11.75,-75.25,10.63,10.43,10.64,10.39,9.91,8.14,8.12,8.86,9.48,9.56,9.8,9.89,9.65
T2M,2016,-11.75,-75.75,9.53,9.47,9.58,9.17,8.71,6.73,6.39,7.57,8.28,8.32,8.77,8.64,8.43
T2M,2016,-11.75,-76.25,10.15,10.08,10.32,10.1,9.62,7.78,7.34,8.69,9.28,9.15,9.39,9.04,9.24
T2M,2016,-12.25,-73.75,19.94,18.42,19.12,19.4,19.24,18.28,18.75,19.17,19.43,19.39,20.12,18.79,19.17
T2M,2016,-12.25,-74.25,17.24,16.04,16.56,16.71,16.56,15.45,15.84,16.13,16.55,16.51,17.04,16.29,16.41
T2M,2016,-12.25,-74.75,12.32,11.92,12.18,12.1,11.78,10.3,10.39,10.85,11.36,11.24,11.71,11.65,11.48
T2M,2016,-12.25,-75.25,8.98,9.0,9.13,8.86,8.38,6.63,6.5,7.24,7.79,7.67,8.21,8.3,8.06
T2M,2016,-12.25,-75.75,9.34,9.31,9.51,9.12,8.54,6.8,6.6,7.57,8.12,8.02,8.54,8.32,8.31
T2M,2016,-12.25,-76.25,13.84,13.98,14.33,13.9,13.18,11.75,11.41,12.37,12.97,12.61,12.63,12.45,12.95
T2M,2017,-10.75,-73.75,23.82,24.23,23.95,24.24,24.81,25.02,25.55,27.28,27.19,27.04,25.11,24.83,25.26
T2M,2017,-10.75,-74.25,22.48,22.77,22.64,23.03,23.45,23.48,23.71,25.26,25.38,24.95,23.5,23.2,23.66
T2M,2017,-10.75,-74.75,21.36,21.52,21.5,21.95,22.09,21.98,22.35,23.56,24.02,23.37,22.06,21.76,22.3
T2M,2017,-10.75,-75.25,17.49,17.71,17.62,18.02,17.94,17.62,17.58,18.63,19.29,18.99,18.1,17.89,18.07
T2M,2017,-10.75,-75.75,11.25,11.65,11.43,11.68,11.52,10.94,10.05,11.15,11.85,12.21,11.92,11.83,11.45
T2M,2017,-10.75,-76.25,6.33,6.76,6.66,6.79,6.71,5.9,4.92,5.94,6.87,7.09,6.86,6.77,6.46
T2M,2017,-11.25,-73.75,22.47,22.69,22.35,22.87,23.39,23.5,23.63,25.49,25.53,25.37,23.99,23.63,23.75
T2M,2017,-11.25,-74.25,21.19,21.26,21.02,21.51,21.9,21.84,21.72,23.47,23.6,23.33,22.43,22.06,22.11
T2M,2017,-11.25,-74.75,17.34,17.43,17.28,17.62,17.74,17.54,17.3,18.56,18.96,18.83,18.16,17.83,17.88
T2M,2017,-11.25,-75.25,13.09,13.31,13.15,13.34,13.25,12.81,12.17,13.22,13.9,14.06,13.66,13.47,13.28
T2M,2017,-11.25,-75.75,9.48,9.84,9.63,9.79,9.65,8.95,7.8,8.94,9.83,10.16,10.04,9.98,9.5
T2M,2017,-11.25,-76.25,6.44,6.74,6.77,7.02,7.08,6.39,5.28,6.24,7.21,7.27,7.09,6.9,6.7
T2M,2017,-11.75,-73.75,20.56,20.5,20.12,20.78,21.03,20.98,20.87,22.74,22.98,22.91,22.19,21.74,21.46
T2M,2017,-11.75,-74.25,18.64,18.55,18.2,18.75,18.92,18.73,18.46,20.21,20.46,20.49,20.1,19.71,19.27
T2M,2017,-11.75,-74.75,13.47,13.59,13.29,13.46,13.52,13.17,12.54,13.83,14.35,14.59,14.43,14.04,13.69
T2M,2017,-11.75,-75.25,9.46,9.72,9.47,9.45,9.38,8.87,7.89,8.93,9.76,10.09,10.03,9.72,9.4
T2M,2017,-11.75,-75.75,8.2,8.4,8.28,8.45,8.27,7.64,6.54,7.57,8.62,8.86,8.74,8.52,8.17
T2M,2017,-11.75,-76.25,8.4,8.45,8.65,9.3,9.19,8.58,7.77,8.52,9.64,9.67,9.37,8.98,8.88
T2M,2017,-12.25,-73.75,18.02,17.92,17.5,18.04,18.03,17.87,17.6,19.35,19.66,19.9,19.61,19.19,18.56
T2M,2017,-12.25,-74.25,15.63,15.55,15.12,15.49,15.41,15.13,14.71,16.3,16.76,17.08,17.04,16.68,15.91
T2M,2017,-12.25,-74.75,11.21,11.33,10.95,10.89,10.91,10.55,9.69,10.98,11.74,12.02,12.19,11.76,11.18
T2M,2017,-12.25,-75.25,7.94,8.08,7.81,7.68,7.69,7.3,6.28,7.26,8.28,8.48,8.55,8.14,7.79
T2M,2017,-12.25,-75.75,7.9,7.87,7.83,8.1,7.88,7.45,6.71,7.39,8.55,8.69,8.4,8.11,7.91
T2M,2017,-12.25,-76.25,12.15,12.1,12.4,13.08,12.6,11.95,11.73,12.03,13.19,13.33,12.81,12.53,12.49
T2M,2018,-10.75,-73.75,23.94,24.17,23.9,24.46,24.42,24.52,25.85,25.78,27.96,26.55,25.87,25.48,25.25
T2M,2018,-10.75,-74.25,22.35,22.52,22.37,23.11,23.17,22.72,23.77,23.55,25.81,24.5,24.26,24.28,23.54
T2M,2018,-10.75,-74.75,21.07,21.22,21.09,21.9,21.97,21.24,22.3,22.03,24.14,22.93,22.81,22.99,22.14
T2M,2018,-10.75,-75.25,17.19,17.45,17.35,17.65,17.78,16.75,17.43,17.38,19.12,18.56,18.74,18.78,17.85
T2M,2018,-10.75,-75.75,11.03,11.48,11.43,10.93,11.19,9.77,9.76,10.12,11.37,11.8,12.48,12.24,11.13
T2M,2018,-10.75,-76.25,6.12,6.66,6.6,6.0,6.45,4.64,4.52,5.14,5.91,6.78,7.63,7.37,6.15
T2M,2018,-11.25,-73.75,22.45,22.61,22.43,23.07,23.28,23.08,24.07,23.94,26.09,24.93,24.54,24.04,23.71
T2M,2018,-11.25,-74.25,20.9,20.96,20.87,21.66,21.9,21.24,22.01,21.76,23.85,22.98,22.92,22.74,21.99
T2M,2018,-11.25,-74.75,16.89,17.04,16.99,17.6,17.79,16.73,17.34,17.15,18.83,18.46,18.6,18.49,17.66
T2M,2018,-11.25,-75.25,12.62,12.91,12.97,12.97,13.15,11.75,11.98,12.08,13.4,13.69,14.14,13.9,12.96
T2M,2018,-11.25,-75.75,9.12,9.5,9.73,9.03,9.35,7.71,7.45,7.93,9.01,9.84,10.63,10.24,9.13
T2M,2018,-11.25,-76.25,6.31,6.67,6.93,6.3,6.92,5.22,4.85,5.5,6.22,6.98,7.73,7.39,6.42
T2M,2018,-11.75,-73.75,20.28,20.32,20.23,20.97,21.35,20.78,21.33,21.17,23.15,22.47,22.45,22.02,21.38
T2M,2018,-11.75,-74.25,18.22,18.24,18.2,18.85,19.26,18.39,18.84,18.58,20.48,20.17,20.35,20.0,19.13
T2M,2018,-11.75,-74.75,12.91,13.07,13.2,13.4,13.7,12.34,12.65,12.51,13.85,14.35,14.66,14.32,13.42
T2M,2018,-11.75,-75.25,8.85,9.12,9.42,9.15,9.36,7.64,7.71,7.86,8.87,9.85,10.42,10.02,9.02
T2M,2018,-11.75,-75.75,7.69,7.97,8.41,7.88,8.14,6.36,6.17,6.63,7.66,8.49,9.33,8.88,7.8
T2M,2018,-11.75,-76.25,8.25,8.45,9.03,8.63,9.17,7.66,7.34,7.99,8.81,9.12,9.81,9.38,8.64
T2M,2018,-12.25,-73.75,17.66,17.66,17.56,18.14,18.53,17.64,17.98,17.86,19.6,19.44,19.67,19.34,18.42
T2M,2018,-12.25,-74.25,15.13,15.15,15.21,15.5,15.91,14.78,15.07,14.83,16.5,16.75,17.13,16.68,15.72
T2M,2018,-12.25,-74.75,10.6,10.77,11.04,10.85,11.21,9.7,9.84,9.75,10.85,11.86,12.26,11.8,10.88
T2M,2018,-12.25,-75.25,7.3,7.52,7.95,7.52,7.85,6.11,6.13,6.28,7.14,8.25,8.8,8.38,7.44
T2M,2018,-12.25,-75.75,7.38,7.52,8.06,7.72,8.01,6.35,6.32,6.71,7.7,8.13,8.89,8.57,7.62
T2M,2018,-12.25,-76.25,11.92,12.05,12.7,12.53,12.62,11.41,11.34,11.95,12.72,12.5,13.1,12.99,12.32
T2M,2019,-10.75,-73.75,24.53,24.05,24.07,24.67,25.56,25.94,26.0,27.27,28.58,27.48,26.72,24.85,25.82
T2M,2019,-10.75,-74.25,23.35,23.0,23.18,23.82,24.34,24.37,24.02,25.02,26.64,25.53,24.77,23.06,24.26
T2M,2019,-10.75,-74.75,22.33,22.15,22.46,22.85,23.25,23.22,22.52,23.57,25.24,24.05,23.38,21.81,23.07
T2M,2019,-10.75,-75.25,18.36,18.3,18.57,18.8,18.98,18.58,17.94,18.63,20.21,19.41,19.12,18.09,18.75
T2M,2019,-10.75,-75.75,11.94,11.9,12.04,12.28,12.15,11.05,10.78,10.77,12.31,12.19,12.37,12.11,11.82
T2M,2019,-10.75,-76.25,7.26,7.08,7.23,7.55,7.34,5.81,5.58,5.38,7.11,7.12,7.34,7.27,6.84
T2M,2019,-11.25,-73.75,23.07,22.53,22.67,23.43,24.13,24.45,24.28,25.21,26.6,25.61,24.94,23.21,24.19
T2M,2019,-11.25,-74.25,21.77,21.34,21.65,22.37,22.7,22.72,22.35,23.0,24.55,23.71,23.03,21.47,22.56
T2M,2019,-11.25,-74.75,17.88,17.59,17.98,18.47,18.51,18.29,17.82,18.29,19.71,19.09,18.69,17.6,18.33
T2M,2019,-11.25,-75.25,13.6,13.41,13.76,14.03,13.82,13.15,12.8,12.94,14.39,14.17,14.07,13.52,13.64
T2M,2019,-11.25,-75.75,10.08,9.87,10.11,10.34,9.99,8.73,8.6,8.37,10.03,10.22,10.26,10.11,9.72
T2M,2019,-11.25,-76.25,7.41,6.93,7.25,7.63,7.46,5.96,5.8,5.54,7.24,7.4,7.32,7.2,6.93
T2M,2019,-11.75,-73.75,21.0,20.44,20.66,21.49,21.96,22.02,21.73,22.29,23.69,22.82,22.3,20.9,21.78
T2M,2019,-11.75,-74.25,19.06,18.57,18.88,19.55,19.76,19.74,19.39,19.78,21.15,20.5,20.02,18.89,19.61
T2M,2019,-11.75,-74.75,13.9,13.41,13.83,14.32,14.05,13.69,13.46,13.48,14.8,14.53,14.29,13.82,13.97
T2M,2019,-11.75,-75.25,9.93,9.44,9.9,10.22,9.68,8.88,8.77,8.57,9.97,10.07,9.97,9.84,9.6
T2M,2019,-11.75,-75.75,8.78,8.35,8.76,9.01,8.55,7.38,7.32,7.14,8.66,8.97,8.85,8.6,8.36
T2M,2019,-11.75,-76.25,9.34,8.96,9.37,9.75,9.54,8.34,8.19,8.18,9.54,9.76,9.59,9.16,9.14
T2M,2019,-12.25,-73.75,18.31,17.83,18.09,18.81,19.05,18.88,18.55,18.79,20.09,19.48,19.26,18.36,18.8
T2M,2019,-12.25,-74.25,15.97,15.43,15.73,16.23,16.21,16.05,15.71,16.01,17.24,16.79,16.61,16.05,16.17
T2M,2019,-12.25,-74.75,11.69,10.95,11.35,11.79,11.31,10.84,10.69,10.7,11.93,11.83,11.74,11.64,11.37
T2M,2019,-12.25,-75.25,8.52,7.72,8.14,8.53,7.97,7.18,7.15,7.02,8.26,8.44,8.32,8.28,7.96
T2M,2019,-12.25,-75.75,8.57,8.01,8.36,8.64,8.33,7.4,7.3,7.39,8.51,8.76,8.58,8.19,8.17
T2M,2019,-12.25,-76.25,13.0,13.05,13.31,13.43,13.04,12.24,11.94,12.42,13.12,13.15,13.24,12.72,12.89
T2M,2020,-10.75,-73.75,25.43,24.69,24.39,24.65,24.48,26.17,26.33,28.03,27.97,28.03,26.8,25.55,26.05
T2M,2020,-10.75,-74.25,23.8,23.53,23.51,23.94,23.79,24.62,24.11,25.57,25.83,26.39,25.35,24.11,24.55
T2M,2020,-10.75,-74.75,22.44,22.43,22.78,23.31,23.25,23.22,22.32,23.69,24.4,25.16,24.18,22.87,23.34
T2M,2020,-10.75,-75.25,18.44,18.56,18.82,19.15,18.95,18.71,17.78,18.83,19.65,20.35,19.8,18.81,18.99
T2M,2020,-10.75,-75.75,12.2,12.36,12.23,12.15,11.66,11.73,10.92,11.54,12.13,12.62,12.72,12.31,12.05
T2M,2020,-10.75,-76.25,7.37,7.59,7.6,7.35,6.83,6.85,5.76,6.46,6.96,7.28,7.45,7.09,7.05
T2M,2020,-11.25,-73.75,23.71,23.19,23.13,23.42,23.28,24.38,24.44,25.9,26.01,26.16,25.1,23.48,24.35
T2M,2020,-11.25,-74.25,22.18,22.01,22.0,22.31,22.22,22.72,22.21,23.55,23.93,24.41,23.49,22.12,22.77
T2M,2020,-11.25,-74.75,18.12,18.08,18.22,18.47,18.23,18.25,17.57,18.57,19.17,19.75,19.17,18.09,18.47
T2M,2020,-11.25,-75.25,13.78,13.88,13.91,13.95,13.43,13.43,12.58,13.42,14.02,14.6,14.46,13.74,13.76
T2M,2020,-11.25,-75.75,10.22,10.51,10.27,10.08,9.36,9.57,8.53,9.42,9.87,10.37,10.55,10.09,9.9
T2M,2020,-11.25,-76.25,7.32,7.7,7.6,7.4,6.94,6.91,5.84,6.69,7.15,7.44,7.53,6.78,7.1
T2M,2020,-11.75,-73.75,21.3,21.15,21.24,21.51,21.48,21.94,21.73,22.91,23.19,23.54,22.73,20.9,21.97
T2M,2020,-11.75,-74.25,19.34,19.32,19.28,19.48,19.4,19.68,19.23,20.21,20.68,21.16,20.48,19.11,19.78
T2M,2020,-11.75,-74.75,14.1,14.04,14.11,14.08,13.53,13.86,13.21,13.95,14.37,14.86,14.61,13.79,14.04
T2M,2020,-11.75,-75.25,10.0,10.06,10.09,9.94,9.03,9.37,8.51,9.3,9.65,10.14,10.24,9.62,9.66
T2M,2020,-11.75,-75.75,8.75,9.08,8.89,8.78,7.92,8.08,7.11,8.09,8.5,8.97,9.16,8.32,8.46
T2M,2020,-11.75,-76.25,9.28,9.73,9.47,9.5,9.09,8.84,8.11,8.89,9.51,9.81,9.88,8.54,9.22
T2M,2020,-12.25,-73.75,18.53,18.54,18.63,18.78,18.78,18.9,18.57,19.4,19.73,20.25,19.84,18.1,19.0
T2M,2020,-12.25,-74.25,16.15,16.26,16.18,16.16,15.89,16.16,15.76,16.39,16.8,17.4,16.93,15.83,16.32
T2M,2020,-12.25,-74.75,11.75,11.76,11.83,11.58,10.8,11.37,10.66,11.32,11.57,12.08,11.95,11.24,11.49
T2M,2020,-12.25,-75.25,8.42,8.49,8.56,8.34,7.31,7.88,7.06,7.75,8.04,8.42,8.64,7.76,8.05
T2M,2020,-12.25,-75.75,8.39,8.69,8.54,8.57,7.73,7.82,7.19,7.82,8.4,8.7,9.01,7.66,8.2
T2M,2020,-12.25,-76.25,13.06,13.45,13.12,13.24,12.86,12.09,11.73,12.21,13.01,13.45,13.38,11.99,12.8
T2M,2021,-10.75,-73.75,24.51,24.44,23.74,23.67,24.8,24.89,25.11,27.54,27.01,28.43,25.97,25.14,25.45
T2M,2021,-10.75,-74.25,22.73,23.08,22.82,22.79,23.83,23.51,23.79,25.48,25.72,26.89,24.97,24.44,24.18
T2M,2021,-10.75,-74.75,21.4,21.95,21.95,22.01,23.05,22.38,22.82,24.05,24.73,25.52,23.82,23.47,23.1
T2M,2021,-10.75,-75.25,17.59,17.95,17.94,18.1,18.67,17.99,18.16,19.1,19.96,20.66,19.32,19.25,18.73
T2M,2021,-10.75,-75.75,11.51,11.57,11.37,11.64,11.41,10.99,10.56,11.29,12.17,13.11,12.18,12.51,11.69
T2M,2021,-10.75,-76.25,6.51,6.83,6.51,6.99,6.52,6.12,5.53,6.03,6.92,8.04,7.03,7.6,6.72
T2M,2021,-11.25,-73.75,22.62,22.89,22.22,22.19,23.19,23.29,23.58,25.58,25.34,26.42,24.27,23.68,23.78
T2M,2021,-11.25,-74.25,20.84,21.42,21.06,21.06,21.94,21.77,21.99,23.39,23.79,24.8,23.02,22.6,22.31
T2M,2021,-11.25,-74.75,16.91,17.41,17.28,17.37,17.91,17.45,17.61,18.53,19.31,20.14,18.66,18.6,18.1
T2M,2021,-11.25,-75.25,12.79,13.09,12.98,13.16,13.21,12.72,12.47,13.21,14.18,15.04,13.89,14.12,13.41
T2M,2021,-11.25,-75.75,9.35,9.56,9.3,9.6,9.23,8.92,8.12,8.85,9.87,10.95,9.98,10.38,9.51
T2M,2021,-11.25,-76.25,6.33,6.72,6.39,7.03,6.69,6.34,5.6,6.14,7.0,8.12,6.87,7.46,6.73
T2M,2021,-11.75,-73.75,20.12,20.67,20.14,20.13,20.82,20.96,21.29,22.69,22.87,23.6,22.08,21.68,21.43
T2M,2021,-11.75,-74.25,18.04,18.64,18.19,18.21,18.78,18.72,18.96,20.03,20.58,21.36,19.99,19.69,19.27
T2M,2021,-11.75,-74.75,12.94,13.23,13.01,13.08,13.14,12.91,12.88,13.55,14.5,15.31,14.02,14.14,13.56
T2M,2021,-11.75,-75.25,8.99,9.13,8.99,9.14,8.81,8.53,8.06,8.63,9.85,10.73,9.54,9.97,9.2
T2M,2021,-11.75,-75.75,7.75,8.03,7.75,8.11,7.71,7.45,6.61,7.33,8.59,9.56,8.4,8.86,8.01
T2M,2021,-11.75,-76.25,8.2,8.64,8.17,9.08,8.76,8.4,7.79,8.43,9.47,10.39,8.87,9.25,8.79
T2M,2021,-12.25,-73.75,17.35,17.82,17.51,17.43,17.82,17.85,18.17,19.17,19.67,20.3,19.26,18.96,18.45
T2M,2021,-12.25,-74.25,14.89,15.39,15.02,14.94,15.11,15.05,15.27,16.07,16.86,17.63,16.58,16.39,15.77
T2M,2021,-12.25,-74.75,10.61,10.87,10.55,10.61,10.32,10.25,10.04,10.68,11.76,12.54,11.45,11.55,10.94
T2M,2021,-12.25,-75.25,7.38,7.5,7.25,7.48,6.99,6.89,6.35,6.96,8.22,8.99,7.87,8.18,7.5
T2M,2021,-12.25,-75.75,7.33,7.59,7.29,7.73,7.34,7.11,6.56,7.22,8.47,9.2,7.98,8.36,7.68
T2M,2021,-12.25,-76.25,11.92,12.49,11.9,12.68,12.25,11.71,11.51,12.05,13.1,13.64,12.14,12.49,12.32
T2M,2022,-10.75,-73.75,24.91,25.14,24.95,25.42,24.8,24.36,26.71,25.95,27.51,25.96,25.39,25.39,25.54
T2M,2022,-10.75,-74.25,24.07,23.54,23.36,24.1,23.56,23.09,25.06,24.42,25.99,25.31,24.67,24.3,24.29
T2M,2022,-10.75,-74.75,23.24,22.27,22.25,23.14,22.56,22.02,23.84,23.28,24.64,24.59,24.07,23.22,23.27
T2M,2022,-10.75,-75.25,18.99,18.16,18.26,19.0,18.31,17.59,19.02,18.65,19.75,20.13,19.65,18.98,18.88
T2M,2022,-10.75,-75.75,12.0,11.65,11.79,12.19,11.49,10.48,11.24,11.22,12.1,12.75,12.25,12.14,11.78
T2M,2022,-10.75,-76.25,7.0,6.85,6.97,7.26,6.98,5.64,5.8,6.33,6.98,7.79,7.42,7.0,6.83
T2M,2022,-11.25,-73.75,23.12,22.72,22.5,23.21,22.97,22.74,24.96,24.3,25.8,24.69,24.31,23.9,23.77
T2M,2022,-11.25,-74.25,22.05,21.25,21.12,21.97,21.62,21.26,23.2,22.57,24.06,23.65,23.19,22.58,22.38
T2M,2022,-11.25,-74.75,18.21,17.39,17.42,18.25,17.65,17.04,18.64,18.14,19.33,19.41,19.11,18.36,18.25
T2M,2022,-11.25,-75.25,13.74,13.16,13.24,13.9,13.16,12.26,13.37,13.17,14.11,14.57,14.27,13.8,13.56
T2M,2022,-11.25,-75.75,9.84,9.56,9.64,10.08,9.45,8.32,8.82,9.03,9.9,10.6,10.16,10.08,9.62
T2M,2022,-11.25,-76.25,6.78,6.67,6.85,7.31,7.04,5.84,5.74,6.38,7.23,7.8,7.51,6.98,6.84
T2M,2022,-11.75,-73.75,21.01,20.1,19.98,20.69,20.53,20.4,22.38,21.85,23.19,22.81,22.65,21.84,21.46
T2M,2022,-11.75,-74.25,19.09,18.12,18.07,18.83,18.44,18.2,20.03,19.49,20.76,20.81,20.58,19.79,19.36
T2M,2022,-11.75,-74.75,13.67,12.97,13.01,13.63,13.09,12.47,13.83,13.55,14.53,14.81,14.77,14.06,13.7
T2M,2022,-11.75,-75.25,9.49,9.06,9.11,9.62,9.02,8.09,8.91,9.0,9.81,10.33,10.34,9.81,9.38
T2M,2022,-11.75,-75.75,8.26,7.96,8.01,8.58,8.01,6.91,7.33,7.76,8.59,9.25,9.15,8.7,8.21
T2M,2022,-11.75,-76.25,8.62,8.35,8.68,9.47,9.06,7.81,8.02,8.67,9.51,9.78,9.76,8.86,8.88
T2M,2022,-12.25,-73.75,18.42,17.33,17.34,17.89,17.49,17.34,19.14,18.71,19.88,20.03,20.05,19.1,18.56
T2M,2022,-12.25,-74.25,15.86,14.83,14.89,15.44,14.79,14.58,16.19,15.87,16.93,17.41,17.36,16.58,15.9
T2M,2022,-12.25,-74.75,11.06,10.44,10.5,10.9,10.33,9.82,10.85,10.9,11.75,12.36,12.39,11.8,11.1
T2M,2022,-12.25,-75.25,7.62,7.29,7.31,7.74,7.23,6.46,7.06,7.45,8.2,8.83,9.01,8.35,7.71
T2M,2022,-12.25,-75.75,7.75,7.42,7.49,8.14,7.59,6.6,7.1,7.66,8.42,8.91,9.22,8.31,7.89
T2M,2022,-12.25,-76.25,12.2,11.77,12.23,13.01,12.49,11.07,11.66,12.18,12.77,12.8,13.15,12.24,12.3
